Nazwa,X,Y,Szkola,Praca,Zakupy,Rozrywka,Restauracje,Spotkania,Zdrowie,Kultura,Osiedle
Auchan,51.05206465086713,16.97405614179184,0,1,0,1,0,0,0,0,
Adamczewskich,,,0,1,0,1,0,0,0,0,
Adamieckiego,,,0,1,0,1,0,0,0,0,
Aleja Architektów,,,0,1,0,0,0,0,0,0,
Aleja Pracy,51.091560310940835,16.986017654489636,0,1,0,1,0,0,0,0,
Aleja Wędrowców,,,0,1,0,1,0,0,0,0,
Arabska,,,0,0,1,1,0,1,0,0,
Arachidowa,,,0,1,1,1,1,1,0,0,
Arena,51.094595429201334,17.02684334092273,0,1,0,0,0,0,0,0,
Arkady (Capitol),51.101311713695495,17.02920152939193,0,1,0,0,0,0,0,0,
Armii Krajowej,51.08721507621936,17.068804679197427,0,0,1,0,0,0,0,0,
Armii Krajowej (Bogedaina),51.08544610886502,17.065769946395573,0,0,0,0,0,0,0,0,
Asfaltowa (Szkoła),,,1,0,1,0,0,0,0,0,
Awicenny,51.08779201848536,16.952600226821392,0,0,1,1,0,0,0,0,
Awicenny (Poczta Polska),,,0,0,1,1,0,0,0,0,
Awicenny (Stacja Kolejowa),,,0,0,1,1,1,0,0,0,
Azaliowa,51.16417302505197,17.111936985264645,0,0,1,0,1,0,0,0,
Bardzka (Cmentarz),,,0,1,0,1,1,0,0,0,
Bartoszowice,51.10254703482137,17.116068154482406,0,1,0,0,1,0,0,0,
Bierutowska (Ośrodek Zdrowia),,,0,1,0,0,1,0,0,0,
Bierutowska (Wiadukt),,,0,1,0,0,1,0,0,0,
Bieńkowice,,,0,0,0,0,1,1,0,0,
Blacharska,51.082100800137525,16.989602228016498,0,0,0,0,1,1,0,0,
Blizanowice,,,0,0,0,0,1,1,0,0,
Brochów,51.05885968440409,17.08694348666342,0,1,0,0,0,0,0,0,
Brochów (Stacja Kolejowa),,,0,1,0,0,0,0,0,0,
Brzezina (Pętla),,,0,1,0,0,0,0,0,0,
Babimojska,,,0,1,0,0,0,0,0,0,
Bacciarellego,,,0,1,1,0,0,0,0,0,
Bagatela,,,0,1,1,1,0,0,0,0,
Bajana,51.13067573129262,16.96721622051298,0,1,1,1,0,0,0,0,
Bardzka,,,0,1,0,1,0,0,0,0,
Bałtycka,51.137405955668434,17.02998278896388,0,1,0,1,0,0,0,0,
Bałtycka (Szkoła),,,0,1,0,0,0,0,0,0,
Berenta,,,0,1,0,0,1,1,0,0,
Bezpieczna,,,0,1,0,0,1,1,0,0,
Białowieska,51.12724015910812,16.992562842510853,0,1,0,0,1,1,0,0,
Białych Goździków,,,0,1,0,0,1,1,0,0,
Biegasa,,,0,1,0,0,0,1,0,0,
Bielany Wrocławskie - Boczna,51.03760776683395,16.968370052443074,0,1,1,1,1,1,0,0,
Bielany Wrocławskie - Kościół,,,0,1,1,1,1,1,0,0,
Bielany Wrocławskie - Kwiatowa,,,0,1,1,1,1,1,0,0,
Bielany Wrocławskie - Makro,,,0,1,1,1,1,1,0,0,
Bielany Wrocławskie - Pkp,51.03787415866647,16.97651083623315,0,1,1,1,1,1,0,0,
Bielany Wrocławskie - Skrzyżowanie,,,0,1,1,1,1,1,0,0,
Bielawa,,,0,0,0,0,0,0,0,0,
Bierdzany,,,0,0,0,0,0,0,0,0,
Bierutowska,,,0,1,0,0,0,0,0,0,
Bierutowska 65,,,0,1,0,1,0,0,0,0,
Bierutowska 75,,,0,1,0,1,0,0,0,0,
Bierzyce,,,0,1,0,1,0,0,0,0,
Bierzyce - Wieś,,,0,1,0,1,0,0,0,0,
Biestrzyków - Wrocławska,,,0,1,0,1,0,0,0,0,
Biskupice Podg. Dsc Poland/Dong Yang,,,0,1,0,1,0,0,0,0,
Biskupice Podg. Lg Chem,51.01598115789774,16.886685994490872,0,1,0,1,0,0,0,0,
Biskupice Podg. Lg Electronics,,,0,1,1,0,0,0,0,0,
Biskupice Podg. Lg Energy Solution Wr. I,,,0,1,1,0,0,0,0,0,
Biskupice Podg. Lg Innotek,,,0,1,1,0,0,0,0,0,
Blizanowicka,,,0,1,1,0,0,0,0,0,
Bociania,,,0,1,1,0,0,0,0,0,
Bojanowska,,,0,1,1,0,1,1,0,0,
Borowa - Skrzy.,,,0,1,1,0,1,1,0,0,
Borowa - Stacja Kolejowa,,,0,1,1,0,1,1,0,0,
Borowa - Szkoła,,,0,1,0,0,1,1,0,0,
Borowska (Aquapark),51.088367863617144,17.034442654627686,0,1,0,1,1,1,0,0,
Borowska (Szpital),51.07499904408411,17.03276236038542,0,0,0,0,1,1,1,0,
Braterska,,,0,0,0,0,0,0,0,0,
Brochowska,,,0,0,0,0,0,0,0,0,
Brodzka,,,0,0,0,0,0,0,0,0,
Broniewskiego,,,0,0,0,0,0,0,0,0,
Brzezia Łąka - Główna,,,0,0,0,0,0,0,0,0,
Brzezia Łąka - Główna Pętla,,,0,0,0,0,0,0,0,0,
Brzezia Łąka - Wrocławska,51.12341320762174,17.24565281976186,0,0,0,0,0,0,0,0,
Brzezia Łąka - Cmentarz,,,0,0,0,0,0,0,0,0,
Brzezia Łąka - Skrzy. Główna,,,0,0,0,0,0,0,0,0,
Brzezia Łąka - Skrzy. Orzechowa,,,0,0,0,0,0,0,0,0,
Brzezia Łąka - Skrzy. Sportowa,,,0,0,0,0,0,0,0,0,
Brzezina - Biedronka,51.18717107239037,16.833044110412203,0,1,1,1,0,0,0,0,
Brzezina - Kościół,,,0,1,1,0,0,0,0,0,
Brzezina - Osiedle,,,0,1,1,0,1,1,0,0,
Brzezina - Zacisze,,,0,1,1,0,1,1,0,0,
Brzezina - Ul. Chrobrego,,,0,0,1,0,0,0,0,0,
Brzezinka Średzka - Pkp,51.21937122051414,16.8368920836159,0,0,1,0,0,0,0,0,
Brzezinka Średzka - Ul. Główna,,,0,0,1,0,0,0,0,0,
Brzezinka Średzka - Ul. Kolejowa,,,0,0,0,0,0,0,0,0,
Brzezinka Średzka - Ul. Parkowa,,,0,0,0,1,0,0,0,0,
Brzezińska,,,0,0,0,1,0,0,0,0,
Brücknera,51.139580773126326,17.082045173795425,0,1,0,1,0,0,0,0,
Budziszyńska,,,0,1,0,1,1,1,0,0,
Budziwojowice,,,0,1,0,1,1,1,0,0,
Buforowa-Rondo,,,0,1,0,1,1,1,0,0,
Bujwida,51.11349209551047,17.067194488388004,0,1,0,1,1,1,0,0,
Bukowina,,,0,1,0,1,1,1,0,0,
Bukowina - Skrzy.,,,0,1,0,0,1,1,0,0,
Bukowskiego,,,0,1,0,0,1,1,0,0,
Bulwar Dedala,,,0,1,0,0,0,0,0,0,
Byków - Jaśminowa,,,0,1,0,0,0,0,0,0,
Byków - Ogrodowa,,,0,0,0,0,0,0,0,0,
Bystrzycka,,,0,0,0,0,0,0,0,0,
Bzowa (Centrum Historii Zajezdnia),,,0,0,0,0,0,0,0,0,
Bąków,,,0,0,0,0,0,0,0,0,
Błonie,,,0,1,1,1,1,1,0,0,
C.H. Aleja Bielany,51.04792328230276,16.961225593982483,0,1,1,1,1,1,0,0,
C.h. Korona,51.1419571122646,17.092981210400584,0,0,0,0,0,0,0,0,
Ceglana,,,0,0,0,0,0,0,0,0,
Cesarzowice Skrz.,,,0,0,0,0,0,0,0,0,
Chachaja,,,0,0,0,0,0,0,0,0,
Chełmońskiego,51.10381514447863,17.090812423137496,0,0,0,1,1,0,0,0,
Chińska,,,0,0,0,1,1,0,0,0,
Chociebuska (C. K. Nowy Pafawag),,,0,1,0,1,1,0,0,0,
Chopina,51.11685473637358,17.081731549359084,0,1,0,1,1,0,0,0,
Chwałkowska,,,0,1,0,0,0,0,0,0,
Chłodna,,,0,1,0,0,0,0,0,0,
Ciechocińska,,,0,1,0,0,0,0,0,0,
Cynamonowa,51.17596381345519,16.998301913759743,0,1,0,0,0,1,0,0,
Czajkowskiego,,,0,0,0,0,0,1,0,0,
Częstochowska,,,0,0,1,1,0,0,0,0,
DH Astra,51.12805420242871,16.976129736725355,0,0,1,1,0,0,0,0,
Dworzec Autobusowy,51.09729900567407,17.032717005635604,0,0,0,0,0,0,0,0,
Dworzec Główny,51.09991056706695,17.035898001055422,0,0,0,0,0,0,0,0,
Dworzec Nadodrze,51.12455339109722,17.035028614190917,0,0,0,0,0,0,0,0,
Damrota,,,0,0,0,0,0,0,0,0,
Daszyńskiego,51.126555244430754,17.04811148017275,0,0,0,0,0,0,0,0,
Dembowskiego (Kosiby),,,0,0,0,0,0,0,0,0,
Dobroszycka,,,0,0,0,0,0,0,0,0,
Dobroszów - Skrzy. Węgierska,,,1,1,1,0,0,0,0,0,
Dobroszów Oleśnicki,,,1,1,1,0,0,0,0,0,
Dolmed,,,0,0,0,0,0,0,0,0,
Dolnobrzeska,,,0,0,0,0,0,0,0,0,
Domaszczyn - Kościół,51.18806195344532,17.164896360316153,0,0,0,0,0,0,0,0,
Domaszczyn - Stawowa,,,0,1,1,1,1,0,0,0,
Domaszczyn - Trzebnicka,,,0,1,1,1,1,1,0,0,
Domaszczyn - Wrocławska Skrzyżowanie,,,0,1,1,1,1,1,0,0,
Domaszczyn - Wrocławska Sklep,,,0,1,0,1,1,1,0,0,
Domaszczyn - Skrzy.,,,0,1,0,1,1,1,0,0,
Drukarska,51.08992603209225,17.020808262939752,0,0,0,1,1,0,0,0,
Drzewieckiego,,,0,0,0,0,1,0,0,0,
Dubois,51.117176742277856,17.034137253809458,1,1,1,0,1,0,0,0,
Dworska,51.14354654875148,16.954555957282555,0,0,0,1,1,0,0,0,
Dworzec Główny (Dworcowa),,,0,1,1,1,1,1,0,0,
Dworzec Główny (Stawowa),,,0,1,1,1,1,1,0,0,
Dworzec Świebodzki,51.10891124958224,17.01813593209831,0,1,1,1,1,1,0,0,
Dyrekcyjna,51.09429978719772,17.032230222300967,0,0,0,0,0,0,0,0,
Działdowska,,,0,0,0,0,0,0,0,0,
Działkowa,,,0,0,0,0,0,0,0,0,
Dzielna,,,0,0,0,0,0,0,0,0,
Dąbrowica,,,0,0,0,0,0,0,0,0,
Długa (Ogrody Działkowe),,,0,1,0,1,0,0,0,0,
Długołęka - Broniewskiego (Na Wys. Nr 11),,,0,1,0,1,0,0,0,0,
Długołęka - Kasztanowa,,,0,1,1,1,0,0,0,0,
Długołęka - Kościół,,,0,0,1,1,0,0,0,0,
Długołęka - Nowy Urząd,,,0,0,1,0,1,1,0,0,
Długołęka - Parkowa Skrzy. Konopnicka,,,0,1,1,0,1,1,0,0,
Długołęka - Parkowa/Skrzy.,,,0,1,1,1,0,0,0,0,
Długołęka - Selgros Pętla,,,0,1,1,1,0,0,0,0,
Długołęka - Wiejska,,,0,1,1,1,0,0,0,0,
EPI,51.098237988398594,17.030786279652435,0,1,0,1,1,1,0,0,
Eluarda,,,0,1,0,0,1,1,0,0,
FAT,51.09456985835426,16.97989446837951,0,0,0,0,1,1,0,0,
Fabryczna,51.112419642527264,16.98308283428756,0,0,0,1,0,0,0,0,
Ferma - Stadnina Koni,,,0,0,0,1,0,0,0,0,
Fieldorfa,51.14650758598321,16.907923020092028,0,0,0,1,1,1,0,0,
Fieldorfa (Szpital),,,0,1,0,1,0,0,1,0,
Fiołkowa,51.09219529426615,16.977602768379565,0,0,1,1,0,0,1,0,
Gaj,,,0,0,1,1,0,0,0,0,
Gaj - Pętla,51.07684951418592,17.050125422240534,0,0,1,1,0,0,0,0,
Galeria Dominikańska,51.107771408106736,17.03866833093261,0,0,0,0,0,0,0,0,
Gałów (Pętla),,,0,1,0,0,0,0,0,0,
Giełdowa (Centrum Hurtu),51.06811477502571,16.969519320359183,0,1,0,0,0,0,0,1,
Grabiszynek,,,0,1,0,0,0,0,0,0,
Grabiszyńska (Cmentarz II),51.08764419868628,16.975478844221627,0,0,1,1,1,0,0,0,
Grabiszyńska (Cmentarz),,,0,1,1,1,1,0,0,0,
Gagarina,51.09538823648097,16.93472053855083,0,1,1,1,1,0,0,0,
Gajowa,,,0,1,0,0,0,0,0,0,
Gajowicka,51.08888659802636,17.00669785900586,0,1,0,0,0,0,0,0,
Gajowicka (Szkoła),,,1,0,0,1,1,0,0,0,
Gazowa,51.07821989511504,17.06964401037991,0,0,1,1,1,0,0,0,
Gałczyńskiego,,,0,0,1,1,0,0,0,0,
Gałowska,,,0,0,0,0,0,0,0,0,
Gałów Przedszkole,,,1,1,0,0,0,0,0,0,
Gałów Przy Posesji Nr 2,,,0,0,0,0,0,0,0,0,
Glinianki,51.13801310773433,16.935572172202185,0,0,0,0,0,0,0,0,
Godebskiego (Awf Wrocław),,,0,0,0,1,1,0,0,0,
Godzieszowa (Na Wys. Nr 3),,,0,0,0,0,0,0,0,0,
Godzieszowa (Na Wys. Nr 8),,,0,1,1,1,1,0,0,0,
Godzieszowa - Transformator,,,0,1,1,1,1,0,0,0,
Gorlicka,,,0,1,1,1,1,0,0,0,
Gospodarska,,,0,0,0,0,0,0,0,0,
Grabiszyńska,51.10229804470878,17.01319260039603,0,0,0,0,0,0,0,0,
Grabowa,,,0,1,0,0,0,0,0,0,
Graniczna,51.10852773211649,16.909633339581077,0,1,0,1,1,1,0,0,
Graniczna (Strachowicka),,,0,1,0,1,1,1,0,0,
Grochowa,,,0,1,1,1,1,1,0,0,
Gromadzka,,,0,1,1,1,1,1,0,0,
Grota-Roweckiego,51.05070975916696,17.03024185272085,0,1,1,1,1,1,0,0,
Grudziądzka,,,0,1,1,0,0,0,0,0,
Grunwaldzka,51.11508503101916,17.067225347131597,0,0,0,1,1,0,0,0,
Grzybowa,,,1,0,0,1,1,0,0,0,
Gwiaździsta,,,0,0,0,0,0,0,0,0,
Góra Kapliczna,51.15140923758712,16.992914247199728,0,0,0,1,1,0,0,0,
Górnickiego,,,0,0,0,1,1,0,0,0,
Górnicza,51.14038812055504,16.959001406086617,0,0,0,0,0,1,0,0,
Gądowianka,,,0,0,0,0,0,1,0,0,
Gądów,51.05115119560938,16.909661948143345,0,1,0,0,0,1,0,0,
Gądów - Świerkowa,,,0,1,1,1,0,0,0,0,
Gąsiorowskiego,,,0,1,0,0,0,0,0,0,
Gąsiorów,,,0,1,0,0,0,0,0,0,
Gęsia,,,0,1,0,1,1,0,0,0,
Głogowska,,,0,1,0,1,1,1,0,0,
Głoska - Ul. Średzka,,,0,1,0,0,0,0,0,0,
Głubczycka,,,0,1,0,0,0,0,0,0,
Główna,,,0,1,0,0,0,0,0,0,
Hala Stulecia,51.10711908745529,17.073260255577743,0,1,1,1,1,1,0,0,
Hala Targowa,51.11270585316793,17.0394944195422,0,0,1,1,1,1,0,0,
Halicka,,,0,0,0,0,0,0,0,0,
Hallera,51.08638626845392,17.012038690891746,0,0,0,1,1,0,0,0,
Hartmana,,,1,1,1,1,1,0,0,0,
Hermanowska,,,1,1,1,0,0,0,0,0,
Hippiczna,,,0,0,0,0,0,0,0,0,
Hubska (Dawida),51.09326802569582,17.042821476199666,0,0,0,1,1,0,0,0,
Husarska,,,0,0,0,0,0,0,0,0,
Hutmen,,,0,0,0,1,1,1,0,0,
Hynka,,,0,0,0,1,1,1,0,0,
Iwiny - Pętla,51.04229666798833,17.072355934029353,0,0,0,0,0,0,0,0,
Inflancka,,,0,0,0,0,0,0,0,0,
Inowrocławska,51.11553448781732,17.014584755202133,0,1,1,1,1,0,0,0,
Inżynierska,51.09464966222213,16.99164064160341,0,1,1,1,1,0,0,0,
Irysowa,51.151021361918744,17.017640526393667,0,0,0,0,0,1,0,0,
Iwiny - Brochowska/Polna,,,0,0,1,1,0,1,0,0,
Iwiny - Kolejowa,,,0,0,1,1,0,1,0,0,
Iwiny - Kościuszki 21,,,0,0,0,0,0,1,0,0,
Iwiny - Słoneczna,,,0,0,0,0,0,0,0,0,
Iwiny - Rondo,,,0,0,0,0,0,0,0,0,
Janówek (Woś),51.19172999743153,16.90617532388059,0,0,0,0,0,1,0,0,
Jarnołtów,,,0,0,0,0,0,1,0,0,
Jagodzińska,,,0,1,0,0,0,1,0,0,
Jaksonowice (Na Wys. Nr 27),,,0,1,0,0,0,1,0,0,
Jaksonowice - Skrzy.,,,0,1,0,0,0,1,0,0,
Januszkowice - Wierzbowa,51.22401813264712,17.23845877409008,0,1,1,1,1,1,0,0,
Januszkowice - Wrocławska,,,0,1,1,1,1,1,0,0,
Januszkowice - Skrzy. Kępa,,,0,1,0,0,0,0,0,0,
Janówek,,,0,1,0,1,1,0,0,0,
Jarnołtowska (Samotworska),51.120121020123925,16.85006911808537,0,1,0,1,1,0,0,0,
Jarocińska,,,0,1,0,0,0,0,0,0,
Jarzębinowa,,,0,1,0,0,0,0,0,0,
Jasińskiej,,,0,1,0,0,0,0,0,0,
Jastrzębia,51.08399812795594,17.01040773549541,0,1,1,1,1,1,0,0,
Jaszkotle - Palmowa,,,0,0,1,1,0,0,0,0,
Jaszkotle - Kościół,,,0,0,0,0,0,0,0,0,
Jaworowa,,,0,0,0,0,0,0,0,0,
Jedności Narodowej,51.12132203646591,17.043400309479193,0,0,0,0,0,0,0,0,
Jeleniogórska,51.14526469994408,16.878219006010855,0,0,1,1,1,0,0,0,
Jerzmanowo (Cmentarz I),,,0,1,1,1,1,0,0,0,
Jerzmanowo (Cmentarz Ii),,,0,1,1,1,1,0,0,0,
Jerzmanowo (Cmentarz),,,0,1,1,1,1,0,0,0,
Jerzmanowska Nr 17,,,0,1,0,0,0,0,0,0,
Jerzmanowska Nr 9,,,0,1,0,0,0,0,0,0,
Joannitów,,,0,1,1,1,1,0,0,0,
Jordanowska,,,0,1,1,1,1,0,0,0,
Jutrosińska,,,0,1,1,1,1,0,0,0,
Jędrzejowska,,,0,1,1,1,1,0,0,0,
Kamieńskiego (Pętla),51.150701041129885,17.043151260506015,0,1,1,1,1,0,0,0,
Karłowice,51.13411347002424,17.03692672048272,0,1,0,0,0,0,0,0,
Kiełczowska (Lzn),,,0,1,0,1,1,0,0,0,
Klecina,51.06557363255986,16.9875943223411,0,1,0,1,1,0,0,0,
Klecina (Stacja Kolejowa),51.05816512564313,16.987906208250404,0,1,0,1,1,0,0,0,
Kminkowa,,,0,1,0,1,1,0,0,0,
Koszarowa (Szpital),51.14171753268457,17.064723506372715,0,1,0,1,1,0,1,0,
Koszarowa (Uniwersytet),51.14050169536454,17.068475138483297,1,1,0,0,0,0,0,0,
Kowale,51.127909463745006,17.102404916462614,0,1,1,1,0,0,0,0,
Kozanów,51.137480723569354,16.968859808499722,0,1,1,1,0,0,0,0,
Kozanów (Dokerska),51.141220367073785,16.96403479408775,0,0,0,0,1,1,0,0,
Krakowska (Centrum Handlowe),51.09038855750975,17.064271103207957,0,0,1,0,1,1,0,0,
Kromera,51.13205230482232,17.065250678350605,0,0,0,0,0,0,0,0,
Krzyki,51.07480252089975,17.00689248884458,0,0,0,0,0,0,0,0,
Krzyżanowice,51.17715583276282,17.049786181779762,0,0,0,0,0,1,0,0,
Księże Małe,51.07749979333205,17.08374744124331,0,0,1,0,0,1,0,0,
Księże Wielkie,51.069834405541904,17.09753246976329,0,1,0,1,0,1,0,0,
Kuźniki,51.12368352802662,16.950555585340002,0,1,0,1,0,1,0,0,
Kuźniki (Stacja Kolejowa),,,0,1,0,0,0,0,0,0,
Kaczorowskiego,,,1,1,0,0,0,0,0,0,
Kadłub Nż,,,0,1,0,0,0,0,0,0,
Kadłub Wieś,,,0,1,1,1,0,0,0,0,
Kadłubka,,,0,1,1,1,0,1,0,0,
Kajdasza,,,0,1,1,1,0,1,0,0,
Kamienna,51.08563818869128,17.047235198199935,0,1,0,0,0,1,0,0,
Kamiennogórska (Ośrodek Dla Niewidomych),,,1,1,0,0,0,1,0,0,
Kamień - Bursztynowa,,,0,1,1,0,0,1,0,0,
Kamień - Diamentowa,,,0,1,0,0,0,0,0,0,
Kamień - Skrzy.,,,0,1,0,1,1,1,1,0,
Kamień - Skrzy. Diamentowa,,,0,0,0,1,1,1,0,0,
Kamień - Skrzy. Kryształowa,,,0,1,0,0,0,0,0,0,
Kamień - Skrzy. Rubinowa,,,0,1,0,1,1,0,0,0,
Kamieńskiego,51.140140242908146,17.03236611042412,0,0,1,1,1,1,0,0,
Kamieńskiego (Szpital),,,1,0,0,1,1,0,0,0,
Karwiany - Skrzy. (Wrocławska/Majowa),,,0,0,0,0,0,0,0,0,
Karwińska,,,0,1,1,1,0,0,0,0,
Karłowicza,51.1171125414428,17.086195917380074,0,0,0,0,0,0,0,0,
Kasprowicza,51.13793170102513,17.053687278383467,0,0,0,0,0,0,0,0,
Katedra,51.11387011620038,17.050503508469227,0,1,1,1,0,0,0,0,
Kiełczowska,51.14562852466403,17.136421437701294,0,1,1,1,0,0,0,1,
Kiełczowska (Cmentarz),,,1,1,1,1,0,0,0,0,
Kiełczów - Akacjowa,,,0,1,1,0,0,1,0,0,
Kiełczów - Biedronka,,,0,0,0,1,1,1,0,0,
Kiełczów - Boczna,,,0,0,0,1,1,1,0,0,
Kiełczów - Mleczna,,,0,0,0,1,0,0,0,0,
Kiełczów - Rzeczna,,,1,1,0,1,0,0,0,0,
Kiełczów - Sosnowa,,,0,1,0,0,0,0,0,0,
Kiełczów - Wodrol,,,0,0,1,1,0,0,0,0,
Kiełczów - Wrocławska,,,0,1,1,1,0,0,0,1,
Kiełczów - Zgodna,,,0,1,1,1,1,0,0,0,
Kiełczów - Cmentarz,,,0,0,0,0,0,0,0,0,
Kiełczów - Osiedle,,,0,0,0,0,0,0,0,1,
Kiełczów - Pętla (Plac Jana Gdaka),51.1395712334801,17.179011937155103,0,0,0,0,0,0,0,0,
Kiełczów - Pętla/Wrocławska,51.13942655458532,17.180034397026994,0,0,1,1,1,1,0,0,
Kiełczów - Ładna,,,1,0,1,1,1,1,0,0,
Kiełczówek,,,0,0,0,0,0,0,0,0,
Kiełczówek - Sielska Zagroda,,,0,1,0,0,0,0,0,0,
Kiełczówek - Pętla,,,0,1,0,0,0,0,0,0,
Kiełczówek - Skrzy. Imbirowa,,,0,1,0,0,0,0,0,0,
Klasztorna,,,1,1,1,1,1,1,0,0,
Kleczkowska,,,0,1,1,1,1,0,0,0,
Klimasa,51.08010766314827,17.062597838571428,0,1,1,1,1,0,1,0,
Kliniki - Politechnika Wrocławska,51.10949913417336,17.065624876082154,0,1,1,1,1,0,0,0,
Klęka,,,0,1,1,0,0,0,0,0,
Kmieca,,,0,1,1,0,0,0,0,0,
Kochanowskiego,,,0,1,1,1,1,0,0,0,
Kolbuszowska (Stadion),,,1,1,1,1,1,1,0,1,
Kolejowa,,,0,1,0,0,0,0,0,0,
Kolista,51.13296740780925,16.972784262779598,0,1,0,0,0,0,0,0,
Kolumba,,,0,1,0,0,1,1,0,0,
Komandorska,51.09222209106024,17.024009641375606,0,1,0,0,1,1,0,0,
Kominiarska,,,0,0,0,0,0,0,0,0,
Kominiarska (Plac Sportowy),,,1,0,0,1,0,1,0,0,
Komorowice,,,0,0,0,0,0,0,0,0,
Komuny Paryskiej,51.10194956465197,17.04636195972426,0,0,1,1,1,1,0,0,
Komuny Paryskiej (Szkoła),,,1,0,1,1,1,1,0,0,
Konduktorska,,,0,0,1,1,1,1,0,0,
Konopackiej,,,0,0,0,0,0,0,0,0,
Kopańskiego,,,0,1,0,1,0,0,0,0,
Kosmonautów (Szpital),51.14186071042686,16.905444430373958,1,1,0,1,0,0,0,0,
Koszarowa,,,1,1,0,1,0,1,0,0,
Kowale (Stacja Kolejowa),,,1,1,0,1,0,1,0,0,
Kowalska,,,1,1,1,0,0,1,0,0,
Kowalska 56,,,1,1,1,0,0,1,0,0,
Kowalska I,,,1,1,1,1,1,1,0,0,
Kowieńska,,,0,1,0,1,1,0,0,0,
Kozanowska,,,0,1,0,0,0,0,0,0,
Kozia,,,0,1,0,0,0,0,0,0,
Kołobrzeska,,,0,1,0,0,1,1,0,0,
Końcowa,,,0,1,1,0,0,0,0,1,
Kościelna,,,0,1,1,0,0,0,0,0,
Kościuszki,51.10014731114,17.045339713410495,0,1,0,0,1,1,0,0,
Kośnego (Jarnołtowska),,,0,1,0,0,1,1,0,0,
Kośnego (Jerzmanowska),,,0,1,0,0,0,0,0,0,
Krajobrazowa,,,0,1,0,0,0,0,0,0,
Krakowiany - Skrzy.,,,0,1,0,1,1,0,0,0,
Krakowska,,,0,1,0,1,1,0,0,0,
Krasińskiego,51.103443866848735,17.042268050675087,0,0,0,0,0,0,0,1,
Kromera (Czajkowskiego),,,0,1,0,0,0,0,0,0,
Krucza,,,0,1,0,0,0,0,0,0,
Krucza (Mielecka),,,0,1,0,0,0,0,0,0,
Krynicka,,,0,1,0,0,0,0,0,0,
Krzemieniecka,,,1,1,0,1,1,1,1,0,
Krzeptowska,,,1,1,0,1,1,1,0,0,
Krzeptów - Boisko,,,1,1,0,0,1,1,0,0,
Krzeptów - Dolina Krzeptowa,,,1,1,0,0,0,0,0,1,
Krzeptów - Pętla,51.09014060590896,16.880574238514203,0,0,1,0,0,0,0,0,
Krzeptów - Skrzy.,,,0,0,0,1,1,0,0,0,
Królewiecka,51.14572647815362,16.945251211760596,0,0,0,0,0,0,0,0,
Królewiecka (Park),,,0,1,1,0,1,1,0,0,
Królewiecka (Staw),,,0,1,1,0,1,1,0,0,
Królewska,,,0,1,1,1,1,1,0,0,
Krępice,,,0,1,1,1,1,1,0,0,
Krępice - Wrocławska,,,0,1,1,0,1,1,0,0,
Krępicka,,,0,0,0,1,1,0,0,0,
Krępicka - Szkoła,,,0,0,0,1,1,0,0,0,
Księginice PR,,,0,0,1,1,0,0,0,0,
Księginice Ul. Sportowa,,,0,0,0,0,0,0,0,0,
Księska,,,0,0,0,0,0,0,0,0,
Kurlandzka,,,0,0,1,1,1,1,0,0,
Kurpiów,,,0,0,1,1,1,1,0,0,
Kutrzeby,,,0,0,0,0,0,0,0,0,
Kwiatkowskiego,,,0,1,1,0,0,0,0,0,
Kwiatkowskiego (Rondo),,,0,0,0,1,1,1,0,0,
Kwidzyńska,,,0,0,0,1,1,1,0,0,
Kwiska,,,0,0,0,0,0,0,0,0,
Kątna,,,0,0,0,0,0,0,0,0,
Kątowa,,,0,0,0,0,0,0,0,0,
Kębłowice,,,0,0,1,1,1,0,0,0,
Kępa Mieszczańska,51.1167858191892,17.024606828739973,0,0,1,1,1,0,0,0,
Kępińska,,,0,1,1,1,1,0,0,0,
Kętrzyńska,,,0,1,1,1,1,0,0,0,
Kłokoczyce,,,0,0,1,1,1,0,0,0,
Leśnica,,,0,0,0,0,0,0,0,0,
Litewska,,,0,0,0,0,0,0,0,0,
Litomska (Zus),,,0,1,1,1,0,0,0,0,
Las Mokrzański,,,0,0,0,0,0,0,0,0,
Las Osobowicki,,,0,0,0,1,1,1,0,0,
Las Ratyński,,,0,0,0,1,1,1,0,0,
Lawendowa,,,0,0,0,0,0,0,0,0,
Lekarska,,,1,1,1,1,1,1,0,0,
Leśnica - Hermes,,,1,1,1,1,1,1,0,0,
Libelta,,,0,0,0,0,0,0,0,0,
Lipa Piotrowska,51.17334031466762,16.994674494893893,0,0,0,0,0,0,0,0,
Lipska,,,0,0,0,0,0,0,0,0,
Lubelska,,,0,0,0,0,0,0,0,0,
Lubiatów,,,0,1,1,1,1,0,0,0,
Lutosławskiego,,,0,0,0,0,0,0,0,0,
Lutynia - Kolonia,,,0,0,0,1,1,1,0,0,
Lutynia - Straż,,,0,0,1,1,0,0,0,0,
Lutynia Centrum,,,0,1,1,1,0,0,0,0,
Lutynia I,,,0,1,1,1,0,0,0,0,
Lutynia Osiedle Ul. Wschodnia,,,0,1,1,1,0,0,0,0,
Lutynia Rondo,,,0,1,0,0,0,0,0,1,
Metalowców (Ośrodek Sportu),51.12973578662809,16.954963188328467,0,1,1,1,1,1,0,1,
Mińska (Rondo Rotm. Pileckiego),,,0,1,1,1,1,1,0,0,
Mokry Dwór,,,0,1,0,0,0,0,0,0,
Muchobór Mały (Stacja Kolejowa),51.11265047292736,16.970615488144727,0,1,0,0,0,0,0,0,
Mulicka,,,0,1,0,0,0,0,0,0,
Magellana,,,0,1,0,0,0,0,0,0,
Malinowa,,,0,1,0,1,1,0,0,0,
Malinowskiego,,,0,1,0,0,1,1,0,0,
Malwowa,,,0,1,0,0,0,0,0,0,
Marcepanowa,51.06208587691128,16.976158086228782,0,1,1,1,0,0,1,1,
Marchewkowa,,,0,1,1,1,0,0,0,0,
Marszowice,,,0,0,1,1,0,0,1,1,
Marszowicka,,,0,0,0,0,0,0,0,0,
Małkowice - Główna,,,0,0,0,0,0,0,0,0,
Małomicka,,,0,1,0,0,0,0,0,0,
Małopanewska,,,0,1,0,0,0,0,0,0,
Małopolska (Ośrodek Dla Niewidomych),,,1,1,0,1,1,1,1,0,
Maślice Małe (Brodnicka),,,0,1,1,1,1,1,0,0,
Maślicka (Osiedle),51.14759020226013,16.947711992295275,0,1,1,1,1,1,0,0,
Maślicka (Staw),,,0,1,1,1,1,1,0,1,
Metalowców,,,0,1,1,0,1,1,0,0,
Michalczyka,,,0,1,1,1,1,0,0,0,
Mickiewicza,51.10846583480433,17.072106782574494,0,0,0,1,1,0,0,0,
Mielecka,,,0,1,0,1,0,0,0,0,
Mikołowska,,,0,1,0,1,0,0,0,0,
Milenijna (Hala Orbita),51.132296096236104,16.989623317577895,0,1,0,1,1,1,1,0,
Milicka,,,0,1,1,1,0,0,0,0,
Miodowa,,,1,1,0,0,0,0,0,0,
Mirków - Jagiellońska,,,0,1,0,0,0,0,0,0,
Mirków - Kiełczowska (Na Wys. Nr 14),,,0,1,0,0,0,0,0,0,
Mirków - Sportowa,,,0,1,0,1,1,1,0,0,
Mirków - Skrzy. Polna,,,0,1,0,1,1,1,0,1,
Międzyrzecka,,,1,1,0,1,1,1,0,0,
Miękinia - Urząd Gminy,,,0,1,1,1,1,1,0,0,
Miękinia - Pętla,,,0,1,1,0,0,1,0,0,
Miękinia - Stacja Pkp,,,0,1,1,0,0,1,0,0,
Miękinia Cegielnia,,,0,0,0,0,0,0,0,0,
Miłoszycka,,,0,0,0,0,0,0,0,0,
Mochnackiego,,,1,1,1,1,1,0,0,0,
Modlińska,,,1,1,1,1,1,0,0,0,
Modra,,,1,1,1,1,1,0,0,1,
Mokra,,,0,0,0,0,0,0,0,0,
Mokronos Dolny - Parkowa/Stawowa,,,0,0,0,0,0,1,0,0,
Mokronos Dolny - Stawowa/Szczęśliwa,51.07129088645852,16.933217673506874,0,1,1,1,0,1,0,0,
Mokronos Górny - Wrocławska/Gwarna,,,0,1,1,1,0,1,0,0,
Mokry Dwór - Starodworska,,,0,1,1,1,0,0,0,0,
Mokrzańska,,,0,1,1,1,0,0,0,0,
Moniuszki,,,0,1,1,1,0,0,0,0,
Monopolowa,,,0,1,0,1,1,1,0,0,
Monte Cassino,,,0,1,0,1,1,1,0,0,
Morelowskiego,,,0,0,0,1,0,1,0,0,
Morwowa,,,0,0,1,1,0,0,0,0,
Mosty Pomorskie,,,0,0,1,1,1,0,0,0,
Mosty Warszawskie,51.12855975338448,17.055253000537665,1,1,1,0,0,1,0,0,
Mrozów - Wyzwolenia,,,1,1,1,0,0,1,0,0,
Mrozów - Świetlica,,,1,1,1,1,1,1,0,0,
Mroźna,,,0,1,0,1,0,1,0,0,
Muchobór Wielki,,,0,1,0,1,0,1,0,0,
Muchobór Wielki (Roślinna),,,0,1,0,1,1,1,0,0,
Młodych Techników,,,0,1,0,1,1,1,0,0,
Most Grunwaldzki,,,0,0,0,0,0,0,0,0,
Most Milenijny,,,0,0,0,0,0,0,0,0,
Most Osobowicki,,,0,1,0,0,0,1,0,0,
Na Grobli (Hydropolis),51.10468815529851,17.055508451861872,0,1,1,1,1,1,0,0,
Na Niskich Łąkach,51.09711899637683,17.0558074229239,0,1,1,1,1,1,0,0,
Na Ostatnim Groszu,51.12296172133449,16.975673525639053,1,1,0,0,0,0,0,0,
Na Szańcach,51.11907694103762,17.041994514950723,1,1,0,0,0,0,0,0,
Narodowe Forum Muzyki,51.10791524511627,17.02645107595523,0,0,0,0,1,1,0,0,
Niedziałkowskiego,,,0,0,0,0,1,1,1,0,
Niedźwiedzia,,,0,0,0,0,0,0,0,0,
Nowa Wieś Wr. - Relaksowa (Na Wys. Nr 13),,,1,1,1,1,1,1,0,0,
Nowa Wieś Wr. - Pętla,51.04553686705275,16.91851066574212,0,1,0,0,0,0,0,0,
Nowodworska,,,0,1,0,0,0,0,0,0,
Nowowiejska,,,0,1,1,1,1,1,0,0,
Nowy Dom,,,0,1,1,1,1,1,0,0,
Nyska,,,0,1,1,1,0,0,0,0,
Opatowice,,,0,1,0,0,0,0,0,0,
Oporów,51.084202287626624,16.971952098279854,0,1,0,0,0,0,0,1,
Osiedle Sobieskiego,,,0,1,0,0,1,1,0,0,
Osobowice,51.13771750449842,16.994030068915706,0,1,1,0,1,1,0,0,
Osobowicka (Cmentarz II),,,0,1,1,0,1,0,1,0,
Osobowicka (Cmentarz),,,0,0,0,0,0,0,0,0,
Obornicka (Obwodnica),,,0,0,0,0,0,0,0,0,
Obornicka (Wołowska),,,0,0,0,0,0,0,0,0,
Oboźna,,,0,0,0,1,1,0,0,0,
Odolanowska,,,,,,,,,,,
Odrodzenia Polski,,,,,,,,,,,
Ogród Botaniczny,,,,,,,,,,,
Ojca Beyzyma,51.090383945607755,16.992920642278534,,,,,,,,,
Okrzei,,,,,,,,,,,
Okólna,,,,,,,,,,,
Olbrachtowska,,,,,,,,,,,
Oleśniczka,,,,,,,,,,,
Oleśniczka - Skrzy.,,,,,,,,,,,
Olsztyńska,,,,,,,,,,,
Opatowicka Nr 127,,,,,,,,,,,
Opatowicka Nr 59,,,,,,,,,,,
Opatowicka Nr 85,,,,,,,,,,,
Opera,51.10559463309056,17.031985375703965,,,,,,,,,
Orla,,,,,,,,,,,
Orlińskiego,,,,,,,,,,,
Orzechowa,51.08316262649301,17.04077621896258,,,,,,,,,
Os. Przyjaźni,51.069432473503504,16.9970468407633,,,,,,,,,
Osiniecka,,,,,,,,,,,
Ossolineum (Uniwersytecka),,,,,,,,,,,
Ostowa (Muzeum Militarne),,,,,,,,,,,
Ostrowskiego,,,,,,,,,,,
Otyńska,,,,,,,,,,,
Owczarska,,,,,,,,,,,
Oławska,,,,,,,,,,,
Ołtaszyn,51.05703192549134,17.022484748130864,,,,,,,,,
Ożynowa,,,,,,,,,,,
Park Południowy,,,,,,,,,,,
Pawłowice (Widawska),,,,,,,,,,,
Petrusewicza,,,,,,,,,,,
Pilczyce,,,,,,,,,,,
Pl. Grunwaldzki,51.111517027190736,17.060180979663354,,,,,,,,,
Pl. Jana Pawła II,51.11180506996273,17.02128442141548,,,,,,,,,
Pl. Solidarności,51.11350350142072,17.017815665965703,,,,,,,,,
Pl. Staszica,51.12249449968118,17.03080553152348,,,,,,,,,
Polanowice,,,,,,,,,,,
Port Lotniczy,,,,,,,,,,,
Poświęcka (Ośrodek Zdrowia),,,,,,,,,,,
Poświętne,51.15020735526608,17.028719861391377,,,,,,,,,
Pracze Odrzańskie,51.17451143867945,16.906627556937504,,,,,,,,,
Pracze Odrzańskie (Stacja Kolejowa),,,,,,,,,,,
Pracze Widawskie,51.1776795066201,17.01559518171139,,,,,,,,,
Psie Pole (Stacja Kolejowa),51.15013675701918,17.11980945543448,,,,,,,,,
Palacha,,,,,,,,,,,
Paprotna,,,,,,,,,,,
Parafialna,,,,,,,,,,,
Park Biznesu,,,,,,,,,,,
Park Brochowski,,,,,,,,,,,
Park Popowicki,51.12623664694436,16.997552733182832,,,,,,,,,
Park Stabłowicki,51.15991585689947,16.893686956536804,,,,,,,,,
Park Staromiejski,51.10505348694456,17.037026591810104,,,,,,,,,
Park Szczytnicki,,,,,,,,,,,
Park Tysiąclecia,,,,,,,,,,,
Park Wschodni,,,,,,,,,,,
Park Zachodni,,,,,,,,,,,
Partynice (Tor Wyścigów Konnych),,,,,,,,,,,
Partyzantów,,,,,,,,,,,
Pasikurowice - Energetyczna,,,,,,,,,,,
Pasikurowice - Wrocławska (Na Wys. Nr 14),,,,,,,,,,,
Pasikurowice - Cmentarz,,,,,,,,,,,
Pasikurowice - N/Ż,,,,,,,,,,,
Pasikurowice - Skrzy. Malinowa,,,,,,,,,,,
Paulińska,,,,,,,,,,,
Pawłowice,,,,,,,,,,,
Pawłowicka,,,,,,,,,,,
Pereca,,,,,,,,,,,
Perzowa,,,,,,,,,,,
Pełczyńska (Stacja Kolejowa),,,,,,,,,,,
Piastowska,,,,,,,,,,,
Piecowice,,,,,,,,,,,
Pietrzykowice,,,,,,,,,,,
Pietrzykowice - Sportowa/Główna,,,,,,,,,,,
Pietrzykowice - Sportowa/Pętla,,,,,,,,,,,
Pietrzykowice - Wrocławska/Stawowa,,,,,,,,,,,
Pietrzykowice - Zakład,,,,,,,,,,,
Pilczycka (Anima),,,,,,,,,,,
Piołunowa,,,,,,,,,,,
Piramowicza (Kampus Biskupin),,,,,,,,,,,
Pisarzowice - Graniczna,,,,,,,,,,,
Pisarzowice - Kolejowa,,,,,,,,,,,
Pisarzowice - Odrzańska,,,,,,,,,,,
Pisarzowice - Szkolna,,,,,,,,,,,
Piwnika-Ponurego,,,,,,,,,,,
Piłsudskiego,,,,,,,,,,,
Pl. Hirszfelda,51.09432347670563,17.01703267874251,,,,,,,,,
Poczta Główna,,,,,,,,,,,
Pola,,,,,,,,,,,
Poleska,,,,,,,,,,,
Polkowicka,,,,,,,,,,,
Pomorska,,,,,,,,,,,
Poprzeczna,,,,,,,,,,,
Port Popowice,,,,,,,,,,,
Połabian,,,,,,,,,,,
Poświęcka,,,,,,,,,,,
Prudnicka,,,,,,,,,,,
Prusa,51.119829577762985,17.056552523078057,,,,,,,,,
Pruszowice,,,,,,,,,,,
Pruszowice - Las,,,,,,,,,,,
Przebiśniegowa,,,,,,,,,,,
Przedwiośnie (Stacja Kolejowa),,,,,,,,,,,
Przybyszewskiego,,,,,,,,,,,
Przybyły,,,,,,,,,,,
Przyjaźni,,,,,,,,,,,
Przystankowa,,,,,,,,,,,
Psary - Parkowa,,,,,,,,,,,
Psary - Szkoła,51.186667157671906,17.03178734475163,,,,,,,,,
Psary - Wolności,,,,,,,,,,,
Psie Pole,51.14572665756581,17.11128446376349,,,,,,,,,
Psie Pole (Gorlicka),,,,,,,,,,,
Psie Pole (Rondo Lotników Polskich),,,,,,,,,,,
Pustecka,,,,,,,,,,,
Pułaskiego,51.09824755336539,17.04298549994107,,,,,,,,,
Pułtuska,,,,,,,,,,,
Północna,,,,,,,,,,,
Płaska,,,,,,,,,,,
Pl. Bema,51.117112564381934,17.042098986701703,,,,,,,,,
Pl. Daniłowskiego,,,,,,,,,,,
Pl. Legionów,51.10457562944826,17.022080430396326,,,,,,,,,
Pl. Nowy Targ,51.11039457139414,17.03906804744376,,,,,,,,,
Pl. Orląt Lwowskich,51.10789956232348,17.02155001993996,,,,,,,,,
Pl. Srebrny,,,,,,,,,,,
Pl. Strzegomski (Muzeum Współczesne),,,,,,,,,,,
Pl. Strzelecki,,,,,,,,,,,
Pl. Wróblewskiego,51.10549831294692,17.047623033676672,,,,,,,,,
Pl. Zgody (Muzeum Etnograficzne),,,,,,,,,,,
Racławicka,51.07738133758759,16.98423984686341,,,,,,,,,
Ratyń,,,,,,,,,,,
Rod Bajki,,,,,,,,,,,
Rod Bielany,,,,,,,,,,,
Rod Mieczyk,,,,,,,,,,,
Rod Oświata,,,,,,,,,,,
Rod Pod Dębem,,,,,,,,,,,
Rod Storczyk,,,,,,,,,,,
Rod Zgoda,,,,,,,,,,,
Rod Źródło Zdrowia,,,,,,,,,,,
Rubczaka (Stacja Kolejowa),,,,,,,,,,,
Racławicka (Szkoła),,,,,,,,,,,
Radakowice - Świetlica,,,,,,,,,,,
Radio I Telewizja,,,,,,,,,,,
Rakowiecka,,,,,,,,,,,
Raków - Osiedle,,,,,,,,,,,
Raków - Skrzy.,,,,,,,,,,,
Raków I,,,,,,,,,,,
Raków II,,,,,,,,,,,
Raków III,,,,,,,,,,,
Raków IV,,,,,,,,,,,
Ramiszów,,,,,,,,,,,
Ramiszów Stacja,,,,,,,,,,,
Ratyń - Skrzyżowanie,,,,,,,,,,,
Rdestowa,,,,,,,,,,,
Redycka,,,,,,,,,,,
Reja,,,,,,,,,,,
Renoma,,,,,,,,,,,
Rodła,,,,,,,,,,,
Rogowska (Ośrodek Sportu),,,,,,,,,,,
Rogowska (P+R),51.11041205501294,16.955834134966512,,,,,,,,,
Rogowska (Ogrody Działkowe),,,,,,,,,,,
Rondo,51.09090331353238,17.017282576852956,,,,,,,,,
Rondo Obrońców Grodna,,,,,,,,,,,
Rubczaka,,,,,,,,,,,
Rymarska,,,,,,,,,,,
Rynek,,,,,,,,,,,
Rzemieślnicza,,,,,,,,,,,
Rzeplin - Al. Lipowa ,,,,,,,,,,,
Rzeplin - Pętla,,,,,,,,,,,
Różanka,,,,,,,,,,,
Rędzin,51.166152046195464,16.966729315557007,,,,,,,,,
Rędzińska,51.157394336626375,16.948874939787437,,,,,,,,,
Rędzińska (Cmentarz),,,,,,,,,,,
Rękodzielnicza,,,,,,,,,,,
Rondo Św. Ojca Pio,,,,,,,,,,,
Sołtysowice,51.15517403939835,17.06443321898258,,,,,,,,,
Spiska (Ośrodek Sportu),,,,,,,,,,,
Stabłowicka (Ośrodek Zdrowia),,,,,,,,,,,
Szymanów-Pętla,51.19699717554701,17.008996720109298,,,,,,,,,
Samotworska,,,,,,,,,,,
Samotwór - Dębowa,,,,,,,,,,,
Samotwór - Leśna,,,,,,,,,,,
Sanocka,,,,,,,,,,,
Semaforowa,,,,,,,,,,,
Serbska (C.K. Agora),,,,,,,,,,,
Serowarska,,,,,,,,,,,
Siedlec - Wrocławska/Sklep,,,,,,,,,,,
Siedlec - Wrocławska/Szkoła,,,,,,,,,,,
Siedlec - Skrzy. Osiedlowa,,,,,,,,,,,
Siedlec - Stacja,,,,,,,,,,,
Skarbowców,,,,,,,,,,,
Skarżyńskiego,,,,,,,,,,,
Skała - Wieś,,,,,,,,,,,
Skałka,,,,,,,,,,,
Skałka - Skrzy. Małkowice,,,,,,,,,,,
Skałka - Skrzy. W362,,,,,,,,,,,
Skierniewicka,,,,,,,,,,,
Smocza,,,,,,,,,,,
Smolec - Chłopska/Cisowa,,,,,,,,,,,
Smolec - Chłopska/Główna,,,,,,,,,,,
Smolec - Chłopska/Wrzosowa,,,,,,,,,,,
Smolec - Chłopska/Śliwkowa,,,,,,,,,,,
Smolec - Dębowa (Sklep),51.07693323559705,16.881546349691803,,,,,,,,,
Smolec - Główna (Na Wys. Nr 52),,,,,,,,,,,
Smolec - Główna (Na Wys. Nr 83),,,,,,,,,,,
Smolec - Główna/Dworcowa,,,,,,,,,,,
Smolec - Lipowa/Pętla,,,,,,,,,,,
Smolec - Wiśniowa,,,,,,,,,,,
Smolec - Wrocławska,,,,,,,,,,,
Smolecka,,,,,,,,,,,
Solskiego,,,,,,,,,,,
Sosnowiecka,,,,,,,,,,,
Sowia,,,,,,,,,,,
Sołtysowicka,,,,,,,,,,,
Spółdzielcza,,,,,,,,,,,
Stabłowice,,,,,,,,,,,
Stabłowicka,,,,,,,,,,,
Stadion Olimpijski,51.11692678010053,17.089962823203383,,,,,,,,,
Stalowa,,,,,,,,,,,
Stanisławowska (W.k. Formaty),,,,,,,,,,,
Stanki,,,,,,,,,,,
Starodworska,,,,,,,,,,,
Starodębowa,,,,,,,,,,,
Starościńska,,,,,,,,,,,
Stoszowska,,,,,,,,,,,
Strachowice General Aviation,,,,,,,,,,,
Strachowicka,51.12360835581646,16.917952216663636,,,,,,,,,
Strachowskiego,,,,,,,,,,,
Strumykowa,,,,,,,,,,,
Strzegomska (Muzeum Współczesne),,,,,,,,,,,
Strzegomska (Krzyżówka),,,,,,,,,,,
Strzegomska 148,,,,,,,,,,,
Stępin,51.20863776551389,17.28077988500212,,,,,,,,,
Stępin - Kościół,,,,,,,,,,,
Sucha,,,,,,,,,,,
Suchy Dwór - Skrzy. (Wrocławska/Główna),,,,,,,,,,,
Suchy Dwór - Skrzy. Mędłów,,,,,,,,,,,
Sudecka,,,,,,,,,,,
Suwalska,,,,,,,,,,,
Swojczyce,,,,,,,,,,,
Syrokomli,,,,,,,,,,,
Szczecińska,,,,,,,,,,,
Szczepin,,,,,,,,,,,
Szczodre - Szkoła,,,,,,,,,,,
Szczodre - Trzebnicka,,,,,,,,,,,
Szczodre - Trzebnicka (Na Wys. Nr 3A),,,,,,,,,,,
Szczodre - Pętla,51.19450054579013,17.182808878209627,,,,,,,,,
Szczodre - Stawy,,,,,,,,,,,
Szewczenki,,,,,,,,,,,
Szkocka,,,,,,,,,,,
Szkolna,,,,,,,,,,,
Szkoła Żerniki,51.12140080867286,16.925068679263013,,,,,,,,,
Sztabowa,,,,,,,,,,,
Szukalice,,,,,,,,,,,
Szybowcowa,,,,,,,,,,,
Szymanów,,,,,,,,,,,
Szymanów (Letnia),51.19515974461297,17.014789786824,,,,,,,,,
Szymanów (Widawska),,,,,,,,,,,
Szymanów - Skrzyż.,,,,,,,,,,,
Sąsiedzka,,,,,,,,,,,
Sępolno,51.11391087105509,17.10384448137332,,,,,,,,,
Słoneczna,,,,,,,,,,,
Słonimskiego,,,,,,,,,,,
Słowiańska,,,,,,,,,,,
Skwer Krasińskiego,,,,,,,,,,,
Tarczyński Arena (Królewiecka),,,,,,,,,,,
Tarnogaj,51.07818893886245,17.06431201270795,,,,,,,,,
Trestno (Pętla),,,,,,,,,,,
Tyniecka (Pętla),,,,,,,,,,,
Tarczyński Arena (Lotnicza),51.137258452112206,16.940790845709763,,,,,,,,,
Tarnogajska,,,,,,,,,,,
Tczewska,,,,,,,,,,,
Tokary - Centrum,,,,,,,,,,,
Tokary - Osiedle,,,,,,,,,,,
Topolowa,,,,,,,,,,,
Tramwajowa,,,,,,,,,,,
Trawowa,,,,,,,,,,,
Trestno - Kościół,,,,,,,,,,,
Trestno - Świetlica,,,,,,,,,,,
Trzebnicka,,,,,,,,,,,
Trzmielowicka,,,,,,,,,,,
Tunelowa,,,,,,,,,,,
Turoszowska,,,,,,,,,,,
Tymiankowa,,,,,,,,,,,
Tyniecka,,,,,,,,,,,
Tyrmanda,,,,,,,,,,,
Tęczowa,,,,,,,,,,,
Uniwersytet Dolnośląski Dsw,,,,,,,,,,,
Uniwersytet Ekonomiczny,51.089583237501394,17.02858971284679,,,,,,,,,
Uniwersytet Wrocławski,,,,,,,,,,,
Urząd Wojewódzki (Impart),,,,,,,,,,,
Urząd Wojewódzki (Muzeum Narodowe),,,,,,,,,,,
Vivaldiego,,,,,,,,,,,
Volvo,,,,,,,,,,,
Volvo - Brama II,,,,,,,,,,,
Wałbrzyska,,,,,,,,,,,
Wojnów (Pętla),51.09590525651294,17.16597507817714,,,,,,,,,
Wallenroda,,,,,,,,,,,
Waniliowa,,,,,,,,,,,
Wapienna,,,,,,,,,,,
Warmińska,,,,,,,,,,,
Wawrzyniaka,,,,,,,,,,,
Weigla (Szpital),,,,,,,,,,,
Wejherowska (Hala Orbita),,,,,,,,,,,
Wełniana,,,,,,,,,,,
Wiaduktowa,,,,,,,,,,,
Widawa,,,,,,,,,,,
Widna,,,,,,,,,,,
Wiejska,,,,,,,,,,,
Wielka,51.09393060478208,17.02085699282174,,,,,,,,,
Wielkopolska,,,,,,,,,,,
Wilczyce,,,,,,,,,,,
Wilczyce - Borowa,,,,,,,,,,,
Wilczyce - Dworska,,,,,,,,,,,
Wilczyce - Dębowa,,,,,,,,,,,
Wilczyce - Sosnowa,,,,,,,,,,,
Wilczyce - Wilczycka (Clarena),,,,,,,,,,,
Wilczyce - Wilczycka (Stary Młyn),,,,,,,,,,,
Wilczyce - Wrocławska (Na Wys. Nr 1F),,,,,,,,,,,
Wilczyce - Szkoła,,,,,,,,,,,
Wilkszyn (Pętla),51.19180144999823,16.862616599479313,,,,,,,,,
Wilkszyn - Miłoszyn,,,,,,,,,,,
Wilkszyn - Polna,,,,,,,,,,,
Wilkszyńska,,,,,,,,,,,
Wita Stwosza,,,,,,,,,,,
Witelona,,,,,,,,,,,
Witkowska,,,,,,,,,,,
Wiślańska,,,,,,,,,,,
Wiśniowa,,,,,,,,,,,
Wojanowska,,,,,,,,,,,
Wojnów,,,,,,,,,,,
Wojszyce,,,,,,,,,,,
Wojszycka,,,,,,,,,,,
Wolska,,,,,,,,,,,
Wołowska,,,,,,,,,,,
Wrocław Mikołajów (Zachodnia),,,,,,,,,,,
Wrocław Nowy Dwór (P+R),51.1199170288358,16.9524744209089,,,,,,,,,
Wrocław Popowice (17.Południk),,,,,,,,,,,
Wrocław Szczepin,,,,,,,,,,,
Wrocławski Park Przemysłowy,,,,,,,,,,,
Wrocławski Park Technologiczny,51.10556282783089,16.970760412109904,,,,,,,,,
Wróblowice,,,,,,,,,,,
Wróblowice Innowacyjna,,,,,,,,,,,
Wschowska,,,,,,,,,,,
Wysoka,,,,,,,,,,,
Wysoka - Chabrowa,,,,,,,,,,,
Wysoka - Lipowa,,,,,,,,,,,
Wysoka - Lipowa/Jeżynowa,,,,,,,,,,,
Wysoka - Lipowa/Parkowa,,,,,,,,,,,
Wysoka - Radosna,,,,,,,,,,,
Wysoka - Osiedle,,,,,,,,,,,
Wyszyńskiego,,,,,,,,,,,
Wyścigowa,,,,,,,,,,,
Wzgórze Partyzantów,,,,,,,,,,,
Węgrów (Na Wys. Nr 27),,,,,,,,,,,
Węgrów (Na Wys. Nr 7),,,,,,,,,,,
Zakrzów,51.16200367420869,17.12470310513678,,,,,,,,,
Zoo,,,,,,,,,,,
Zwycięska,51.05929245261485,17.011292403922248,,,,,,,,,
Zabrodzie - Pętla,51.05685864069994,16.945730473573253,,,,,,,,,
Zabór Mały,,,,,,,,,,,
Zabór Wielki,,,,,,,,,,,
Zacisze,,,,,,,,,,,
Zagony,,,,,,,,,,,
Zagrodnicza,,,,,,,,,,,
Zagłoby,,,,,,,,,,,
Zagłębiowska,,,,,,,,,,,
Zajazdowa,,,,,,,,,,,
Zajezdnia Borek,51.07861930214311,17.006993846840256,,,,,,,,,
Zajezdnia Gaj,,,,,,,,,,,
Zajezdnia Obornicka,,,,,,,,,,,
Zajezdnia Ołbin,,,,,,,,,,,
Zajączkowska,,,,,,,,,,,
Zakrzowska,,,,,,,,,,,
Zakładowa,,,,,,,,,,,
Zalewowa,,,,,,,,,,,
Zamkowa,,,,,,,,,,,
Zaolziańska,,,,,,,,,,,
Zaporoska,51.097177958558255,17.014573861349355,,,,,,,,,
Zaprężyn,,,,,,,,,,,
Zarembowicza,,,,,,,,,,,
Zbożowa,,,,,,,,,,,
Zemska,51.1157852614334,16.947166859648547,,,,,,,,,
Zgorzelisko,,,,,,,,,,,
Zielińskiego,,,,,,,,,,,
Zielna,,,,,,,,,,,
Ziemniaczana,,,,,,,,,,,
Zimowa,,,,,,,,,,,
Złotnicka,,,,,,,,,,,
Złotniki,51.13922760496478,16.892494937095062,,,,,,,,,
Złotostocka,,,,,,,,,,,
Ćwiczebna,,,,,,,,,,,
Łosice,,,,,,,,,,,
Łosice - Plac Zabaw,,,,,,,,,,,
Łososiowicka,,,,,,,,,,,
Łowęcice - Staw,,,,,,,,,,,
Łozina - Cmentarz,,,,,,,,,,,
Łozina - Kościół,,,,,,,,,,,
Łozina - Milicka/Poczta,,,,,,,,,,,
Łozina - Milicka/Szkoła,,,,,,,,,,,
Łozina - Nowego Osiedla I,,,,,,,,,,,
Łozina - Nowego Osiedla II,,,,,,,,,,,
Łozina - Wrocławska (Na Wys. Nr 18),,,,,,,,,,,
Łozina - Skrzy.,,,,,,,,,,,
Ługowa,,,,,,,,,,,
Łużycka,,,,,,,,,,,
Ślazowa,,,,,,,,,,,
Świdnicka (Dom Europy),,,,,,,,,,,
Świniary,51.19665224018954,16.97515183506888,,,,,,,,,
Śliczna,,,,,,,,,,,
Śliwice,,,,,,,,,,,
Śliwowa,,,,,,,,,,,
Ślusarska,,,,,,,,,,,
Ślęza - Dębowa,,,,,,,,,,,
Ślęza - Szyszkowa,,,,,,,,,,,
Ślęza - Autostrada,,,,,,,,,,,
Ślęza - Skrzyżowanie,,,,,,,,,,,
Śniadeckich,,,,,,,,,,,
Śnieżna,,,,,,,,,,,
Średzka,,,,,,,,,,,
Śrubowa,,,,,,,,,,,
Świdnicka,,,,,,,,,,,
Świeradowska,,,,,,,,,,,
Świstackiego,,,,,,,,,,,
Świt,,,,,,,,,,,
Świętokrzyska,,,,,,,,,,,
Źródła,,,,,,,,,,,
Żar,,,,,,,,,,,
Żelazna,,,,,,,,,,,
Żernicka,,,,,,,,,,,
Żerniki,,,,,,,,,,,
Żmigrodzka (Obwodnica),51.154205181053875,17.02841774328803,,,,,,,,,
Żmudzka,,,,,,,,,,,
Żurawiniec,,,,,,,,,,,
Żórawina - Niepodległości (Mostek),,,,,,,,,,,
Żórawina - Orange,,,,,,,,,,,
Żórawina - Wrocławska,,,,,,,,,,,
Żórawina - Kościół Św. Trójcy,,,,,,,,,,,
Żórawina - Osiedle,,,,,,,,,,,
Żórawina - Skrzy.,,,,,,,,,,,
Żórawina - Skrzy. Niepodległości,,,,,,,,,,,
8 Maja,51.11336855469333,17.090652628379562,,,,,,,,,
Biskupin,51.101156726871544,17.10878184625894,,,,,,,,,
Mokry Dwór,,,,,,,,,,,
Szewce - Topolowa/Kwiatowa,,,,,,,,,,,
Szewce - Wrocławska/Długa,,,,,,,,,,,
Szewce - Szkoła,,,,,,,,,,,
Szewce - Kościół,,,,,,,,,,,
Rzeplin - Al. Lipowa,,,,,,,,,,,
Raków - Skrzy.,,,,,,,,,,,
Borowa - Stacja Kolejowa,,,,,,,,,,,
Borowa - Szkoła,,,,,,,,,,,
Borowa - Skrzy.,,,,,,,,,,,
Stępin,,,,,,,,,,,
Stępin - Kościół,,,,,,,,,,,
