IdP,Nazwa,X,Y,Szkoła,Praca,Zakupy/Centra handlowe,Rozrywka(np. boiska),Restauracje(jedzenie),Spotkania towarzyskie,Lekarz(zdrowie),Kultura,Osiedle
1,Auchan,51.05206465086713,16.97405614179184,0,1,0,1,0,0,0,0,
2,Adamczewskich,,,0,1,0,1,0,0,0,0,
3,Adamieckiego,,,0,1,0,1,0,0,0,0,
4,Aleja Architektów,,,0,1,0,0,0,0,0,0,
5,Aleja Pracy,51.091560310940835,16.986017654489636,0,1,0,1,0,0,0,0,
6,Aleja Wędrowców,,,0,1,0,1,0,0,0,0,
7,Arabska,,,0,0,1,1,0,1,0,0,
8,Arachidowa,,,0,1,1,1,1,1,0,0,
9,Arena,51.094595429201334,17.02684334092273,0,1,0,0,0,0,0,0,
10,Arkady (Capitol),51.101311713695495,17.02920152939193,0,1,0,0,0,0,0,0,
11,Armii Krajowej,51.08721507621936,17.068804679197427,0,0,1,0,0,0,0,0,
12,Armii Krajowej (Bogedaina),51.08544610886502,17.065769946395573,0,0,0,0,0,0,0,0,
13,Asfaltowa (Szkoła),,,1,0,1,0,0,0,0,0,
14,Awicenny,51.08779201848536,16.952600226821392,0,0,1,1,0,0,0,0,
15,Awicenny (Poczta Polska),,,0,0,1,1,0,0,0,0,
16,Awicenny (Stacja Kolejowa),,,0,0,1,1,1,0,0,0,
17,Azaliowa,51.16417302505197,17.111936985264645,0,0,1,0,1,0,0,0,
18,Bardzka (Cmentarz),,,0,1,0,1,1,0,0,0,
19,Bartoszowice,51.10254703482137,17.116068154482406,0,1,0,0,1,0,0,0,
20,Bierutowska (Ośrodek Zdrowia),,,0,1,0,0,1,0,0,0,
21,Bierutowska (Wiadukt),,,0,1,0,0,1,0,0,0,
22,Bieńkowice,,,0,0,0,0,1,1,0,0,
23,Blacharska,51.082100800137525,16.989602228016498,0,0,0,0,1,1,0,0,
24,Blizanowice,,,0,0,0,0,1,1,0,0,
25,Brochów,51.05885968440409,17.08694348666342,0,1,0,0,0,0,0,0,
26,Brochów (Stacja Kolejowa),,,0,1,0,0,0,0,0,0,
27,Brzezina (Pętla),,,0,1,0,0,0,0,0,0,
28,Babimojska,,,0,1,0,0,0,0,0,0,
29,Bacciarellego,,,0,1,1,0,0,0,0,0,
30,Bagatela,,,0,1,1,1,0,0,0,0,
31,Bajana,51.13067573129262,16.96721622051298,0,1,1,1,0,0,0,0,
32,Bardzka,,,0,1,0,1,0,0,0,0,
33,Bałtycka,51.137405955668434,17.02998278896388,0,1,0,1,0,0,0,0,
34,Bałtycka (Szkoła),,,0,1,0,0,0,0,0,0,
35,Berenta,,,0,1,0,0,1,1,0,0,
36,Bezpieczna,,,0,1,0,0,1,1,0,0,
37,Białowieska,51.12724015910812,16.992562842510853,0,1,0,0,1,1,0,0,
38,Białych Goździków,,,0,1,0,0,1,1,0,0,
39,Biegasa,,,0,1,0,0,0,1,0,0,
40,Bielany Wrocławskie - Boczna,51.03760776683395,16.968370052443074,0,1,1,1,1,1,0,0,
41,Bielany Wrocławskie - Kościół,,,0,1,1,1,1,1,0,0,
42,Bielany Wrocławskie - Kwiatowa,,,0,1,1,1,1,1,0,0,
43,Bielany Wrocławskie - Makro,,,0,1,1,1,1,1,0,0,
44,Bielany Wrocławskie - Pkp,51.03787415866647,16.97651083623315,0,1,1,1,1,1,0,0,
45,Bielany Wrocławskie - Skrzyżowanie,,,0,1,1,1,1,1,0,0,
46,Bielawa,,,0,0,0,0,0,0,0,0,
47,Bierdzany,,,0,0,0,0,0,0,0,0,
48,Bierutowska,,,0,1,0,0,0,0,0,0,
49,Bierutowska 65,,,0,1,0,1,0,0,0,0,
50,Bierutowska 75,,,0,1,0,1,0,0,0,0,
51,Bierzyce,,,0,1,0,1,0,0,0,0,
52,Bierzyce - Wieś,,,0,1,0,1,0,0,0,0,
53,Biestrzyków - Wrocławska,,,0,1,0,1,0,0,0,0,
54,Biskupice Podg. Dsc Poland/Dong Yang,,,0,1,0,1,0,0,0,0,
55,Biskupice Podg. Lg Chem,51.01598115789774,16.886685994490872,0,1,0,1,0,0,0,0,
56,Biskupice Podg. Lg Electronics,,,0,1,1,0,0,0,0,0,
57,Biskupice Podg. Lg Energy Solution Wr. I,,,0,1,1,0,0,0,0,0,
58,Biskupice Podg. Lg Innotek,,,0,1,1,0,0,0,0,0,
59,Blizanowicka,,,0,1,1,0,0,0,0,0,
60,Bociania,,,0,1,1,0,0,0,0,0,
61,Bojanowska,,,0,1,1,0,1,1,0,0,
62,Borowa - Skrzy.,,,0,1,1,0,1,1,0,0,
63,Borowa - Stacja Kolejowa,,,0,1,1,0,1,1,0,0,
64,Borowa - Szkoła,,,0,1,0,0,1,1,0,0,
65,Borowska (Aquapark),51.088367863617144,17.034442654627686,0,1,0,1,1,1,0,0,
66,Borowska (Szpital),51.07499904408411,17.03276236038542,0,0,0,0,1,1,1,0,
67,Braterska,,,0,0,0,0,0,0,0,0,
68,Brochowska,,,0,0,0,0,0,0,0,0,
69,Brodzka,,,0,0,0,0,0,0,0,0,
70,Broniewskiego,,,0,0,0,0,0,0,0,0,
71,Brzezia Łąka - Główna,,,0,0,0,0,0,0,0,0,
72,Brzezia Łąka - Główna Pętla,,,0,0,0,0,0,0,0,0,
73,Brzezia Łąka - Wrocławska,51.12341320762174,17.24565281976186,0,0,0,0,0,0,0,0,
74,Brzezia Łąka - Cmentarz,,,0,0,0,0,0,0,0,0,
75,Brzezia Łąka - Skrzy. Główna,,,0,0,0,0,0,0,0,0,
76,Brzezia Łąka - Skrzy. Orzechowa,,,0,0,0,0,0,0,0,0,
77,Brzezia Łąka - Skrzy. Sportowa,,,0,0,0,0,0,0,0,0,
78,Brzezina - Biedronka,51.18717107239037,16.833044110412203,0,1,1,1,0,0,0,0,
79,Brzezina - Kościół,,,0,1,1,0,0,0,0,0,
80,Brzezina - Osiedle,,,0,1,1,0,1,1,0,0,
81,Brzezina - Zacisze,,,0,1,1,0,1,1,0,0,
82,Brzezina - Ul. Chrobrego,,,0,0,1,0,0,0,0,0,
83,Brzezinka Średzka - Pkp,51.21937122051414,16.8368920836159,0,0,1,0,0,0,0,0,
84,Brzezinka Średzka - Ul. Główna,,,0,0,1,0,0,0,0,0,
85,Brzezinka Średzka - Ul. Kolejowa,,,0,0,0,0,0,0,0,0,
86,Brzezinka Średzka - Ul. Parkowa,,,0,0,0,1,0,0,0,0,
87,Brzezińska,,,0,0,0,1,0,0,0,0,
88,Brücknera,51.139580773126326,17.082045173795425,0,1,0,1,0,0,0,0,
89,Budziszyńska,,,0,1,0,1,1,1,0,0,
90,Budziwojowice,,,0,1,0,1,1,1,0,0,
91,Buforowa-Rondo,,,0,1,0,1,1,1,0,0,
92,Bujwida,51.11349209551047,17.067194488388004,0,1,0,1,1,1,0,0,
93,Bukowina,,,0,1,0,1,1,1,0,0,
94,Bukowina - Skrzy.,,,0,1,0,0,1,1,0,0,
95,Bukowskiego,,,0,1,0,0,1,1,0,0,
96,Bulwar Dedala,,,0,1,0,0,0,0,0,0,
97,Byków - Jaśminowa,,,0,1,0,0,0,0,0,0,
98,Byków - Ogrodowa,,,0,0,0,0,0,0,0,0,
99,Bystrzycka,,,0,0,0,0,0,0,0,0,
100,Bzowa (Centrum Historii Zajezdnia),,,0,0,0,0,0,0,0,0,
101,Bąków,,,0,0,0,0,0,0,0,0,
102,Błonie,,,0,1,1,1,1,1,0,0,
103,C.H. Aleja Bielany,51.04792328230276,16.961225593982483,0,1,1,1,1,1,0,0,
104,C.H. Korona,51.1419571122646,17.092981210400584,0,0,0,0,0,0,0,0,
105,Ceglana,,,0,0,0,0,0,0,0,0,
106,Cesarzowice Skrz.,,,0,0,0,0,0,0,0,0,
107,Chachaja,,,0,0,0,0,0,0,0,0,
108,Chełmońskiego,51.10381514447863,17.090812423137496,0,0,0,1,1,0,0,0,
109,Chińska,,,0,0,0,1,1,0,0,0,
110,Chociebuska (C. K. Nowy Pafawag),,,0,1,0,1,1,0,0,0,
111,Chopina,51.11685473637358,17.081731549359084,0,1,0,1,1,0,0,0,
112,Chwałkowska,,,0,1,0,0,0,0,0,0,
113,Chłodna,,,0,1,0,0,0,0,0,0,
114,Ciechocińska,,,0,1,0,0,0,0,0,0,
115,Cynamonowa,51.17596381345519,16.998301913759743,0,1,0,0,0,1,0,0,
116,Czajkowskiego,,,0,0,0,0,0,1,0,0,
117,Częstochowska,,,0,0,1,1,0,0,0,0,
118,DH Astra,51.12805420242871,16.976129736725355,0,0,1,1,0,0,0,0,
119,Dworzec Autobusowy,51.09729900567407,17.032717005635604,0,0,0,0,0,0,0,0,
120,Dworzec Główny,51.09991056706695,17.035898001055422,0,0,0,0,0,0,0,0,
121,Dworzec Nadodrze,51.12455339109722,17.035028614190917,0,0,0,0,0,0,0,0,
122,Damrota,,,0,0,0,0,0,0,0,0,
123,Daszyńskiego,51.126555244430754,17.04811148017275,0,0,0,0,0,0,0,0,
124,Dembowskiego (Kosiby),,,0,0,0,0,0,0,0,0,
125,Dobroszycka,,,0,0,0,0,0,0,0,0,
126,Dobroszów - Skrzy. Węgierska,,,1,1,1,0,0,0,0,0,
127,Dobroszów Oleśnicki,,,1,1,1,0,0,0,0,0,
128,Dolmed,,,0,0,0,0,0,0,0,0,
129,Dolnobrzeska,,,0,0,0,0,0,0,0,0,
130,Domaszczyn - Kościół,51.18806195344532,17.164896360316153,0,0,0,0,0,0,0,0,
131,Domaszczyn - Stawowa,,,0,1,1,1,1,0,0,0,
132,Domaszczyn - Trzebnicka,,,0,1,1,1,1,1,0,0,
133,Domaszczyn - Wrocławska Skrzyżowanie,,,0,1,1,1,1,1,0,0,
134,Domaszczyn - Wrocławska Sklep,,,0,1,0,1,1,1,0,0,
135,Domaszczyn - Skrzy.,,,0,1,0,1,1,1,0,0,
136,Drukarska,51.08992603209225,17.020808262939752,0,0,0,1,1,0,0,0,
137,Drzewieckiego,,,0,0,0,0,1,0,0,0,
138,Dubois,51.117176742277856,17.034137253809458,1,1,1,0,1,0,0,0,
139,Dworska,51.14354654875148,16.954555957282555,0,0,0,1,1,0,0,0,
140,Dworzec Główny (Dworcowa),,,0,1,1,1,1,1,0,0,
141,Dworzec Główny (Stawowa),,,0,1,1,1,1,1,0,0,
142,Dworzec Świebodzki,51.10891124958224,17.01813593209831,0,1,1,1,1,1,0,0,
143,Dyrekcyjna,51.09429978719772,17.032230222300967,0,0,0,0,0,0,0,0,
144,Działdowska,,,0,0,0,0,0,0,0,0,
145,Działkowa,,,0,0,0,0,0,0,0,0,
146,Dzielna,,,0,0,0,0,0,0,0,0,
147,Dąbrowica,,,0,0,0,0,0,0,0,0,
148,Długa (Ogrody Działkowe),,,0,1,0,1,0,0,0,0,
149,Długołęka - Broniewskiego (Na Wys. Nr 11),,,0,1,0,1,0,0,0,0,
150,Długołęka - Kasztanowa,,,0,1,1,1,0,0,0,0,
151,Długołęka - Kościół,,,0,0,1,1,0,0,0,0,
152,Długołęka - Nowy Urząd,,,0,0,1,0,1,1,0,0,
153,Długołęka - Parkowa Skrzy. Konopnicka,,,0,1,1,0,1,1,0,0,
154,Długołęka - Parkowa/Skrzy.,,,0,1,1,1,0,0,0,0,
155,Długołęka - Selgros Pętla,,,0,1,1,1,0,0,0,0,
156,Długołęka - Wiejska,,,0,1,1,1,0,0,0,0,
157,Epi,51.098237988398594,17.030786279652435,0,1,0,1,1,1,0,0,
158,Eluarda,,,0,1,0,0,1,1,0,0,
159,FAT,51.09456985835426,16.97989446837951,0,0,0,0,1,1,0,0,
160,Fabryczna,51.112419642527264,16.98308283428756,0,0,0,1,0,0,0,0,
161,Ferma - Stadnina Koni,,,0,0,0,1,0,0,0,0,
162,Fieldorfa,51.14650758598321,16.907923020092028,0,0,0,1,1,1,0,0,
163,Fieldorfa (Szpital),,,0,1,0,1,0,0,1,0,
164,Fiołkowa,51.09219529426615,16.977602768379565,0,0,1,1,0,0,1,0,
165,Gaj,,,0,0,1,1,0,0,0,0,
166,Gaj - Pętla,51.07684951418592,17.050125422240534,0,0,1,1,0,0,0,0,
167,Galeria Dominikańska,51.107771408106736,17.03866833093261,0,0,0,0,0,0,0,0,
168,Gałów (Pętla),,,0,1,0,0,0,0,0,0,
169,Giełdowa (Centrum Hurtu),51.06811477502571,16.969519320359183,0,1,0,0,0,0,0,1,
170,Grabiszynek,,,0,1,0,0,0,0,0,0,
171,Grabiszyńska (Cmentarz II),51.08764419868628,16.975478844221627,0,0,1,1,1,0,0,0,
172,Grabiszyńska (Cmentarz),,,0,1,1,1,1,0,0,0,
173,Gagarina,51.09538823648097,16.93472053855083,0,1,1,1,1,0,0,0,
174,Gajowa,,,0,1,0,0,0,0,0,0,
175,Gajowicka,51.08888659802636,17.00669785900586,0,1,0,0,0,0,0,0,
176,Gajowicka (Szkoła),,,1,0,0,1,1,0,0,0,
177,Gazowa,51.07821989511504,17.06964401037991,0,0,1,1,1,0,0,0,
178,Gałczyńskiego,,,0,0,1,1,0,0,0,0,
179,Gałowska,,,0,0,0,0,0,0,0,0,
180,Gałów Przedszkole,,,1,1,0,0,0,0,0,0,
181,Gałów Przy Posesji Nr 2,,,0,0,0,0,0,0,0,0,
182,Glinianki,51.13801310773433,16.935572172202185,0,0,0,0,0,0,0,0,
183,Godebskiego (Awf Wrocław),,,0,0,0,1,1,0,0,0,
184,Godzieszowa (Na Wys. Nr 3),,,0,0,0,0,0,0,0,0,
185,Godzieszowa (Na Wys. Nr 8),,,0,1,1,1,1,0,0,0,
186,Godzieszowa - Transformator,,,0,1,1,1,1,0,0,0,
187,Gorlicka,,,0,1,1,1,1,0,0,0,
188,Gospodarska,,,0,0,0,0,0,0,0,0,
189,Grabiszyńska,51.10229804470878,17.01319260039603,0,0,0,0,0,0,0,0,
190,Grabowa,,,0,1,0,0,0,0,0,0,
191,Graniczna,51.10852773211649,16.909633339581077,0,1,0,1,1,1,0,0,
192,Graniczna (Strachowicka),,,0,1,0,1,1,1,0,0,
193,Grochowa,,,0,1,1,1,1,1,0,0,
194,Gromadzka,,,0,1,1,1,1,1,0,0,
195,Grota-Roweckiego,51.05070975916696,17.03024185272085,0,1,1,1,1,1,0,0,
196,Grudziądzka,,,0,1,1,0,0,0,0,0,
197,Grunwaldzka,51.11508503101916,17.067225347131597,0,0,0,1,1,0,0,0,
198,Grzybowa,,,1,0,0,1,1,0,0,0,
199,Gwiaździsta,,,0,0,0,0,0,0,0,0,
200,Góra Kapliczna,51.15140923758712,16.992914247199728,0,0,0,1,1,0,0,0,
201,Górnickiego,,,0,0,0,1,1,0,0,0,
202,Górnicza,51.14038812055504,16.959001406086617,0,0,0,0,0,1,0,0,
203,Gądowianka,,,0,0,0,0,0,1,0,0,
204,Gądów,51.05115119560938,16.909661948143345,0,1,0,0,0,1,0,0,
205,Gądów - Świerkowa,,,0,1,1,1,0,0,0,0,
206,Gąsiorowskiego,,,0,1,0,0,0,0,0,0,
207,Gąsiorów,,,0,1,0,0,0,0,0,0,
208,Gęsia,,,0,1,0,1,1,0,0,0,
209,Głogowska,,,0,1,0,1,1,1,0,0,
210,Głoska - Ul. Średzka,,,0,1,0,0,0,0,0,0,
211,Głubczycka,,,0,1,0,0,0,0,0,0,
212,Główna,,,0,1,0,0,0,0,0,0,
213,Hala Stulecia,51.10711908745529,17.073260255577743,0,1,1,1,1,1,0,0,
214,Hala Targowa,51.11270585316793,17.0394944195422,0,0,1,1,1,1,0,0,
215,Halicka,,,0,0,0,0,0,0,0,0,
216,Hallera,51.08638626845392,17.012038690891746,0,0,0,1,1,0,0,0,
217,Hartmana,,,1,1,1,1,1,0,0,0,
218,Hermanowska,,,1,1,1,0,0,0,0,0,
219,Hippiczna,,,0,0,0,0,0,0,0,0,
220,Hubska (Dawida),51.09326802569582,17.042821476199666,0,0,0,1,1,0,0,0,
221,Husarska,,,0,0,0,0,0,0,0,0,
222,Hutmen,,,0,0,0,1,1,1,0,0,
223,Hynka,,,0,0,0,1,1,1,0,0,
224,Iwiny - Pętla,51.04229666798833,17.072355934029353,0,0,0,0,0,0,0,0,
225,Inflancka,,,0,0,0,0,0,0,0,0,
226,Inowrocławska,51.11553448781732,17.014584755202133,0,1,1,1,1,0,0,0,
227,Inżynierska,51.09464966222213,16.99164064160341,0,1,1,1,1,0,0,0,
228,Irysowa,51.151021361918744,17.017640526393667,0,0,0,0,0,1,0,0,
229,Iwiny - Brochowska/Polna,,,0,0,1,1,0,1,0,0,
230,Iwiny - Kolejowa,,,0,0,1,1,0,1,0,0,
231,Iwiny - Kościuszki 21,,,0,0,0,0,0,1,0,0,
232,Iwiny - Słoneczna,,,0,0,0,0,0,0,0,0,
233,Iwiny - Rondo,,,0,0,0,0,0,0,0,0,
234,Janówek (Woś),51.19172999743153,16.90617532388059,0,0,0,0,0,1,0,0,
235,Jarnołtów,,,0,0,0,0,0,1,0,0,
236,Jagodzińska,,,0,1,0,0,0,1,0,0,
237,Jaksonowice (Na Wys. Nr 27),,,0,1,0,0,0,1,0,0,
238,Jaksonowice - Skrzy.,,,0,1,0,0,0,1,0,0,
239,Januszkowice - Wierzbowa,51.22401813264712,17.23845877409008,0,1,1,1,1,1,0,0,
240,Januszkowice - Wrocławska,,,0,1,1,1,1,1,0,0,
241,Januszkowice - Skrzy. Kępa,,,0,1,0,0,0,0,0,0,
242,Janówek,,,0,1,0,1,1,0,0,0,
243,Jarnołtowska (Samotworska),51.120121020123925,16.85006911808537,0,1,0,1,1,0,0,0,
244,Jarocińska,,,0,1,0,0,0,0,0,0,
245,Jarzębinowa,,,0,1,0,0,0,0,0,0,
246,Jasińskiej,,,0,1,0,0,0,0,0,0,
247,Jastrzębia,51.08399812795594,17.01040773549541,0,1,1,1,1,1,0,0,
248,Jaszkotle - Palmowa,,,0,0,1,1,0,0,0,0,
249,Jaszkotle - Kościół,,,0,0,0,0,0,0,0,0,
250,Jaworowa,,,0,0,0,0,0,0,0,0,
251,Jedności Narodowej,51.12132203646591,17.043400309479193,0,0,0,0,0,0,0,0,
252,Jeleniogórska,51.14526469994408,16.878219006010855,0,0,1,1,1,0,0,0,
253,Jerzmanowo (Cmentarz I),,,0,1,1,1,1,0,0,0,
254,Jerzmanowo (Cmentarz Ii),,,0,1,1,1,1,0,0,0,
255,Jerzmanowo (Cmentarz),,,0,1,1,1,1,0,0,0,
256,Jerzmanowska Nr 17,,,0,1,0,0,0,0,0,0,
257,Jerzmanowska Nr 9,,,0,1,0,0,0,0,0,0,
258,Joannitów,,,0,1,1,1,1,0,0,0,
259,Jordanowska,,,0,1,1,1,1,0,0,0,
260,Jutrosińska,,,0,1,1,1,1,0,0,0,
261,Jędrzejowska,,,0,1,1,1,1,0,0,0,
262,Kamieńskiego (Pętla),51.150701041129885,17.043151260506015,0,1,1,1,1,0,0,0,
263,Karłowice,51.13411347002424,17.03692672048272,0,1,0,0,0,0,0,0,
264,Kiełczowska (Lzn),,,0,1,0,1,1,0,0,0,
265,Klecina,51.06557363255986,16.9875943223411,0,1,0,1,1,0,0,0,
266,Klecina (Stacja Kolejowa),51.05816512564313,16.987906208250404,0,1,0,1,1,0,0,0,
267,Kminkowa,,,0,1,0,1,1,0,0,0,
268,Koszarowa (Szpital),51.14171753268457,17.064723506372715,0,1,0,1,1,0,1,0,
269,Koszarowa (Uniwersytet),51.14050169536454,17.068475138483297,1,1,0,0,0,0,0,0,
270,Kowale,51.127909463745006,17.102404916462614,0,1,1,1,0,0,0,0,
271,Kozanów,51.137480723569354,16.968859808499722,0,1,1,1,0,0,0,0,
272,Kozanów (Dokerska),51.141220367073785,16.96403479408775,0,0,0,0,1,1,0,0,
273,Krakowska (Centrum Handlowe),51.09038855750975,17.064271103207957,0,0,1,0,1,1,0,0,
274,Kromera,51.13205230482232,17.065250678350605,0,0,0,0,0,0,0,0,
275,Krzyki,51.07480252089975,17.00689248884458,0,0,0,0,0,0,0,0,
276,Krzyżanowice,51.17715583276282,17.049786181779762,0,0,0,0,0,1,0,0,
277,Księże Małe,51.07749979333205,17.08374744124331,0,0,1,0,0,1,0,0,
278,Księże Wielkie,51.069834405541904,17.09753246976329,0,1,0,1,0,1,0,0,
279,Kuźniki,51.12368352802662,16.950555585340002,0,1,0,1,0,1,0,0,
280,Kuźniki (Stacja Kolejowa),,,0,1,0,0,0,0,0,0,
281,Kaczorowskiego,,,1,1,0,0,0,0,0,0,
282,Kadłub Nż,,,0,1,0,0,0,0,0,0,
283,Kadłub Wieś,,,0,1,1,1,0,0,0,0,
284,Kadłubka,,,0,1,1,1,0,1,0,0,
285,Kajdasza,,,0,1,1,1,0,1,0,0,
286,Kamienna,51.08563818869128,17.047235198199935,0,1,0,0,0,1,0,0,
287,Kamiennogórska (Ośrodek Dla Niewidomych),,,1,1,0,0,0,1,0,0,
288,Kamień - Bursztynowa,,,0,1,1,0,0,1,0,0,
289,Kamień - Diamentowa,,,0,1,0,0,0,0,0,0,
290,Kamień - Skrzy.,,,0,1,0,1,1,1,1,0,
291,Kamień - Skrzy. Diamentowa,,,0,0,0,1,1,1,0,0,
292,Kamień - Skrzy. Kryształowa,,,0,1,0,0,0,0,0,0,
293,Kamień - Skrzy. Rubinowa,,,0,1,0,1,1,0,0,0,
294,Kamieńskiego,51.140140242908146,17.03236611042412,0,0,1,1,1,1,0,0,
295,Kamieńskiego (Szpital),,,1,0,0,1,1,0,0,0,
296,Karwiany - Skrzy. (Wrocławska/Majowa),,,0,0,0,0,0,0,0,0,
297,Karwińska,,,0,1,1,1,0,0,0,0,
298,Karłowicza,51.1171125414428,17.086195917380074,0,0,0,0,0,0,0,0,
299,Kasprowicza,51.13793170102513,17.053687278383467,0,0,0,0,0,0,0,0,
300,Katedra,51.11387011620038,17.050503508469227,0,1,1,1,0,0,0,0,
301,Kiełczowska,51.14562852466403,17.136421437701294,0,1,1,1,0,0,0,1,
302,Kiełczowska (Cmentarz),,,1,1,1,1,0,0,0,0,
303,Kiełczów - Akacjowa,,,0,1,1,0,0,1,0,0,
304,Kiełczów - Biedronka,,,0,0,0,1,1,1,0,0,
305,Kiełczów - Boczna,,,0,0,0,1,1,1,0,0,
306,Kiełczów - Mleczna,,,0,0,0,1,0,0,0,0,
307,Kiełczów - Rzeczna,,,1,1,0,1,0,0,0,0,
308,Kiełczów - Sosnowa,,,0,1,0,0,0,0,0,0,
309,Kiełczów - Wodrol,,,0,0,1,1,0,0,0,0,
310,Kiełczów - Wrocławska,,,0,1,1,1,0,0,0,1,
311,Kiełczów - Zgodna,,,0,1,1,1,1,0,0,0,
312,Kiełczów - Cmentarz,,,0,0,0,0,0,0,0,0,
313,Kiełczów - Osiedle,,,0,0,0,0,0,0,0,1,
314,Kiełczów - Pętla (Plac Jana Gdaka),51.1395712334801,17.179011937155103,0,0,0,0,0,0,0,0,
315,Kiełczów - Pętla/Wrocławska,51.13942655458532,17.180034397026994,0,0,1,1,1,1,0,0,
316,Kiełczów - Ładna,,,1,0,1,1,1,1,0,0,
317,Kiełczówek,,,0,0,0,0,0,0,0,0,
318,Kiełczówek - Sielska Zagroda,,,0,1,0,0,0,0,0,0,
319,Kiełczówek - Pętla,,,0,1,0,0,0,0,0,0,
320,Kiełczówek - Skrzy. Imbirowa,,,0,1,0,0,0,0,0,0,
321,Klasztorna,,,1,1,1,1,1,1,0,0,
322,Kleczkowska,,,0,1,1,1,1,0,0,0,
323,Klimasa,51.08010766314827,17.062597838571428,0,1,1,1,1,0,1,0,
324,Kliniki - Politechnika Wrocławska,51.10949913417336,17.065624876082154,0,1,1,1,1,0,0,0,
325,Klęka,,,0,1,1,0,0,0,0,0,
326,Kmieca,,,0,1,1,0,0,0,0,0,
327,Kochanowskiego,,,0,1,1,1,1,0,0,0,
328,Kolbuszowska (Stadion),,,1,1,1,1,1,1,0,1,
329,Kolejowa,,,0,1,0,0,0,0,0,0,
330,Kolista,51.13296740780925,16.972784262779598,0,1,0,0,0,0,0,0,
331,Kolumba,,,0,1,0,0,1,1,0,0,
332,Komandorska,51.09222209106024,17.024009641375606,0,1,0,0,1,1,0,0,
333,Kominiarska,,,0,0,0,0,0,0,0,0,
334,Kominiarska (Plac Sportowy),,,1,0,0,1,0,1,0,0,
335,Komorowice,,,0,0,0,0,0,0,0,0,
336,Komuny Paryskiej,51.10194956465197,17.04636195972426,0,0,1,1,1,1,0,0,
337,Komuny Paryskiej (Szkoła),,,1,0,1,1,1,1,0,0,
338,Konduktorska,,,0,0,1,1,1,1,0,0,
339,Konopackiej,,,0,0,0,0,0,0,0,0,
340,Kopańskiego,,,0,1,0,1,0,0,0,0,
341,Kosmonautów (Szpital),51.14186071042686,16.905444430373958,1,1,0,1,0,0,0,0,
342,Koszarowa,,,1,1,0,1,0,1,0,0,
343,Kowale (Stacja Kolejowa),,,1,1,0,1,0,1,0,0,
344,Kowalska,,,1,1,1,0,0,1,0,0,
345,Kowalska 56,,,1,1,1,0,0,1,0,0,
346,Kowalska I,,,1,1,1,1,1,1,0,0,
347,Kowieńska,,,0,1,0,1,1,0,0,0,
348,Kozanowska,,,0,1,0,0,0,0,0,0,
349,Kozia,,,0,1,0,0,0,0,0,0,
350,Kołobrzeska,,,0,1,0,0,1,1,0,0,
351,Końcowa,,,0,1,1,0,0,0,0,1,
352,Kościelna,,,0,1,1,0,0,0,0,0,
353,Kościuszki,51.10014731114,17.045339713410495,0,1,0,0,1,1,0,0,
354,Kośnego (Jarnołtowska),,,0,1,0,0,1,1,0,0,
355,Kośnego (Jerzmanowska),,,0,1,0,0,0,0,0,0,
356,Krajobrazowa,,,0,1,0,0,0,0,0,0,
357,Krakowiany - Skrzy.,,,0,1,0,1,1,0,0,0,
358,Krakowska,,,0,1,0,1,1,0,0,0,
359,Krasińskiego,51.103443866848735,17.042268050675087,0,0,0,0,0,0,0,1,
360,Kromera (Czajkowskiego),,,0,1,0,0,0,0,0,0,
361,Krucza,,,0,1,0,0,0,0,0,0,
362,Krucza (Mielecka),,,0,1,0,0,0,0,0,0,
363,Krynicka,,,0,1,0,0,0,0,0,0,
364,Krzemieniecka,,,1,1,0,1,1,1,1,0,
365,Krzeptowska,,,1,1,0,1,1,1,0,0,
366,Krzeptów - Boisko,,,1,1,0,0,1,1,0,0,
367,Krzeptów - Dolina Krzeptowa,,,1,1,0,0,0,0,0,1,
368,Krzeptów - Pętla,51.09014060590896,16.880574238514203,0,0,1,0,0,0,0,0,
369,Krzeptów - Skrzy.,,,0,0,0,1,1,0,0,0,
370,Królewiecka,51.14572647815362,16.945251211760596,0,0,0,0,0,0,0,0,
371,Królewiecka (Park),,,0,1,1,0,1,1,0,0,
372,Królewiecka (Staw),,,0,1,1,0,1,1,0,0,
373,Królewska,,,0,1,1,1,1,1,0,0,
374,Krępice,,,0,1,1,1,1,1,0,0,
375,Krępice - Wrocławska,,,0,1,1,0,1,1,0,0,
376,Krępicka,,,0,0,0,1,1,0,0,0,
377,Krępicka - Szkoła,,,0,0,0,1,1,0,0,0,
378,Księginice P&Amp;R,,,0,0,1,1,0,0,0,0,
379,Księginice Ul. Sportowa,,,0,0,0,0,0,0,0,0,
380,Księska,,,0,0,0,0,0,0,0,0,
381,Kurlandzka,,,0,0,1,1,1,1,0,0,
382,Kurpiów,,,0,0,1,1,1,1,0,0,
383,Kutrzeby,,,0,0,0,0,0,0,0,0,
384,Kwiatkowskiego,,,0,1,1,0,0,0,0,0,
385,Kwiatkowskiego (Rondo),,,0,0,0,1,1,1,0,0,
386,Kwidzyńska,,,0,0,0,1,1,1,0,0,
387,Kwiska,,,0,0,0,0,0,0,0,0,
388,Kątna,,,0,0,0,0,0,0,0,0,
389,Kątowa,,,0,0,0,0,0,0,0,0,
390,Kębłowice,,,0,0,1,1,1,0,0,0,
391,Kępa Mieszczańska,51.1167858191892,17.024606828739973,0,0,1,1,1,0,0,0,
392,Kępińska,,,0,1,1,1,1,0,0,0,
393,Kętrzyńska,,,0,1,1,1,1,0,0,0,
394,Kłokoczyce,,,0,0,1,1,1,0,0,0,
395,Leśnica,,,0,0,0,0,0,0,0,0,
396,Litewska,,,0,0,0,0,0,0,0,0,
397,Litomska (Zus),,,0,1,1,1,0,0,0,0,
398,Las Mokrzański,,,0,0,0,0,0,0,0,0,
399,Las Osobowicki,,,0,0,0,1,1,1,0,0,
400,Las Ratyński,,,0,0,0,1,1,1,0,0,
401,Lawendowa,,,0,0,0,0,0,0,0,0,
402,Lekarska,,,1,1,1,1,1,1,0,0,
403,Leśnica - Hermes,,,1,1,1,1,1,1,0,0,
404,Libelta,,,0,0,0,0,0,0,0,0,
405,Lipa Piotrowska,51.17334031466762,16.994674494893893,0,0,0,0,0,0,0,0,
406,Lipska,,,0,0,0,0,0,0,0,0,
407,Lubelska,,,0,0,0,0,0,0,0,0,
408,Lubiatów,,,0,1,1,1,1,0,0,0,
409,Lutosławskiego,,,0,0,0,0,0,0,0,0,
410,Lutynia - Kolonia,,,0,0,0,1,1,1,0,0,
411,Lutynia - Straż,,,0,0,1,1,0,0,0,0,
412,Lutynia Centrum,,,0,1,1,1,0,0,0,0,
413,Lutynia I,,,0,1,1,1,0,0,0,0,
414,Lutynia Osiedle Ul. Wschodnia,,,0,1,1,1,0,0,0,0,
415,Lutynia Rondo,,,0,1,0,0,0,0,0,1,
416,Metalowców (Ośrodek Sportu),51.12973578662809,16.954963188328467,0,1,1,1,1,1,0,1,
417,Mińska (Rondo Rotm. Pileckiego),,,0,1,1,1,1,1,0,0,
418,Mokry Dwór,,,0,1,0,0,0,0,0,0,
419,Muchobór Mały (Stacja Kolejowa),51.11265047292736,16.970615488144727,0,1,0,0,0,0,0,0,
420,Mulicka,,,0,1,0,0,0,0,0,0,
421,Magellana,,,0,1,0,0,0,0,0,0,
422,Malinowa,,,0,1,0,1,1,0,0,0,
423,Malinowskiego,,,0,1,0,0,1,1,0,0,
424,Malwowa,,,0,1,0,0,0,0,0,0,
425,Marcepanowa,51.06208587691128,16.976158086228782,0,1,1,1,0,0,1,1,
426,Marchewkowa,,,0,1,1,1,0,0,0,0,
427,Marszowice,,,0,0,1,1,0,0,1,1,
428,Marszowicka,,,0,0,0,0,0,0,0,0,
429,Małkowice - Główna,,,0,0,0,0,0,0,0,0,
430,Małomicka,,,0,1,0,0,0,0,0,0,
431,Małopanewska,,,0,1,0,0,0,0,0,0,
432,Małopolska (Ośrodek Dla Niewidomych),,,1,1,0,1,1,1,1,0,
433,Maślice Małe (Brodnicka),,,0,1,1,1,1,1,0,0,
434,Maślicka (Osiedle),51.14759020226013,16.947711992295275,0,1,1,1,1,1,0,0,
435,Maślicka (Staw),,,0,1,1,1,1,1,0,1,
436,Metalowców,,,0,1,1,0,1,1,0,0,
437,Michalczyka,,,0,1,1,1,1,0,0,0,
438,Mickiewicza,51.10846583480433,17.072106782574494,0,0,0,1,1,0,0,0,
439,Mielecka,,,0,1,0,1,0,0,0,0,
440,Mikołowska,,,0,1,0,1,0,0,0,0,
441,Milenijna (Hala Orbita),51.132296096236104,16.989623317577895,0,1,0,1,1,1,1,0,
442,Milicka,,,0,1,1,1,0,0,0,0,
443,Miodowa,,,1,1,0,0,0,0,0,0,
444,Mirków - Jagiellońska,,,0,1,0,0,0,0,0,0,
445,Mirków - Kiełczowska (Na Wys. Nr 14),,,0,1,0,0,0,0,0,0,
446,Mirków - Sportowa,,,0,1,0,1,1,1,0,0,
447,Mirków - Skrzy. Polna,,,0,1,0,1,1,1,0,1,
448,Międzyrzecka,,,1,1,0,1,1,1,0,0,
449,Miękinia - Urząd Gminy,,,0,1,1,1,1,1,0,0,
450,Miękinia - Pętla,,,0,1,1,0,0,1,0,0,
451,Miękinia - Stacja Pkp,,,0,1,1,0,0,1,0,0,
452,Miękinia Cegielnia,,,0,0,0,0,0,0,0,0,
453,Miłoszycka,,,0,0,0,0,0,0,0,0,
454,Mochnackiego,,,1,1,1,1,1,0,0,0,
455,Modlińska,,,1,1,1,1,1,0,0,0,
456,Modra,,,1,1,1,1,1,0,0,1,
457,Mokra,,,0,0,0,0,0,0,0,0,
458,Mokronos Dolny - Parkowa/Stawowa,,,0,0,0,0,0,1,0,0,
459,Mokronos Dolny - Stawowa/Szczęśliwa,51.07129088645852,16.933217673506874,0,1,1,1,0,1,0,0,
460,Mokronos Górny - Wrocławska/Gwarna,,,0,1,1,1,0,1,0,0,
461,Mokry Dwór - Starodworska,,,0,1,1,1,0,0,0,0,
462,Mokrzańska,,,0,1,1,1,0,0,0,0,
463,Moniuszki,,,0,1,1,1,0,0,0,0,
464,Monopolowa,,,0,1,0,1,1,1,0,0,
465,Monte Cassino,,,0,1,0,1,1,1,0,0,
466,Morelowskiego,,,0,0,0,1,0,1,0,0,
467,Morwowa,,,0,0,1,1,0,0,0,0,
468,Mosty Pomorskie,,,0,0,1,1,1,0,0,0,
469,Mosty Warszawskie,51.12855975338448,17.055253000537665,1,1,1,0,0,1,0,0,
470,Mrozów - Wyzwolenia,,,1,1,1,0,0,1,0,0,
471,Mrozów - Świetlica,,,1,1,1,1,1,1,0,0,
472,Mroźna,,,0,1,0,1,0,1,0,0,
473,Muchobór Wielki,,,0,1,0,1,0,1,0,0,
474,Muchobór Wielki (Roślinna),,,0,1,0,1,1,1,0,0,
475,Młodych Techników,,,0,1,0,1,1,1,0,0,
476,Most Grunwaldzki,,,0,0,0,0,0,0,0,0,
477,Most Milenijny,,,0,0,0,0,0,0,0,0,
478,Most Osobowicki,,,0,1,0,0,0,1,0,0,
479,Na Grobli (Hydropolis),51.10468815529851,17.055508451861872,0,1,1,1,1,1,0,0,
480,Na Niskich Łąkach,51.09711899637683,17.0558074229239,0,1,1,1,1,1,0,0,
481,Na Ostatnim Groszu,51.12296172133449,16.975673525639053,1,1,0,0,0,0,0,0,
482,Na Szańcach,51.11907694103762,17.041994514950723,1,1,0,0,0,0,0,0,
483,Narodowe Forum Muzyki,51.10791524511627,17.02645107595523,0,0,0,0,1,1,0,0,
484,Niedziałkowskiego,,,0,0,0,0,1,1,1,0,
485,Niedźwiedzia,,,0,0,0,0,0,0,0,0,
486,Nowa Wieś Wr. - Relaksowa (Na Wys. Nr 13),,,1,1,1,1,1,1,0,0,
487,Nowa Wieś Wr. - Pętla,51.04553686705275,16.91851066574212,0,1,0,0,0,0,0,0,
488,Nowodworska,,,0,1,0,0,0,0,0,0,
489,Nowowiejska,,,0,1,1,1,1,1,0,0,
490,Nowy Dom,,,0,1,1,1,1,1,0,0,
491,Nyska,,,0,1,1,1,0,0,0,0,
492,Opatowice,,,0,1,0,0,0,0,0,0,
493,Oporów,51.084202287626624,16.971952098279854,0,1,0,0,0,0,0,1,
494,Osiedle Sobieskiego,,,0,1,0,0,1,1,0,0,
495,Osobowice,51.13771750449842,16.994030068915706,0,1,1,0,1,1,0,0,
496,Osobowicka (Cmentarz Ii),,,0,1,1,0,1,0,1,0,
497,Osobowicka (Cmentarz),,,0,0,0,0,0,0,0,0,
498,Obornicka (Obwodnica),,,0,0,0,0,0,0,0,0,
499,Obornicka (Wołowska),,,0,0,0,0,0,0,0,0,
500,Oboźna,,,0,0,0,1,1,0,0,0,
501,Odolanowska,,,,,,,,,,,
502,Odrodzenia Polski,,,,,,,,,,,
503,Ogród Botaniczny,,,,,,,,,,,
504,Ojca Beyzyma,51.090383945607755,16.992920642278534,,,,,,,,,
505,Okrzei,,,,,,,,,,,
506,Okólna,,,,,,,,,,,
507,Olbrachtowska,,,,,,,,,,,
508,Oleśniczka,,,,,,,,,,,
509,Oleśniczka - Skrzy.,,,,,,,,,,,
510,Olsztyńska,,,,,,,,,,,
511,Opatowicka Nr 127,,,,,,,,,,,
512,Opatowicka Nr 59,,,,,,,,,,,
513,Opatowicka Nr 85,,,,,,,,,,,
514,Opera,51.10559463309056,17.031985375703965,,,,,,,,,
515,Orla,,,,,,,,,,,
516,Orlińskiego,,,,,,,,,,,
517,Orzechowa,51.08316262649301,17.04077621896258,,,,,,,,,
518,Os. Przyjaźni,51.069432473503504,16.9970468407633,,,,,,,,,
519,Osiniecka,,,,,,,,,,,
520,Ossolineum (Uniwersytecka),,,,,,,,,,,
521,Ostowa (Muzeum Militarne),,,,,,,,,,,
522,Ostrowskiego,,,,,,,,,,,
523,Otyńska,,,,,,,,,,,
524,Owczarska,,,,,,,,,,,
525,Oławska,,,,,,,,,,,
526,Ołtaszyn,51.05703192549134,17.022484748130864,,,,,,,,,
527,Ożynowa,,,,,,,,,,,
528,Park Południowy,,,,,,,,,,,
529,Pawłowice (Widawska),,,,,,,,,,,
530,Petrusewicza,,,,,,,,,,,
531,Pilczyce,,,,,,,,,,,
532,Pl. Grunwaldzki,51.111517027190736,17.060180979663354,,,,,,,,,
533,Pl. Jana Pawła II,51.11180506996273,17.02128442141548,,,,,,,,,
534,Pl. Solidarności,51.11350350142072,17.017815665965703,,,,,,,,,
535,Pl. Staszica,51.12249449968118,17.03080553152348,,,,,,,,,
536,Polanowice,,,,,,,,,,,
537,Port Lotniczy,,,,,,,,,,,
538,Poświęcka (Ośrodek Zdrowia),,,,,,,,,,,
539,Poświętne,51.15020735526608,17.028719861391377,,,,,,,,,
540,Pracze Odrzańskie,51.17451143867945,16.906627556937504,,,,,,,,,
541,Pracze Odrzańskie (Stacja Kolejowa),,,,,,,,,,,
542,Pracze Widawskie,51.1776795066201,17.01559518171139,,,,,,,,,
543,Psie Pole (Stacja Kolejowa),51.15013675701918,17.11980945543448,,,,,,,,,
544,Palacha,,,,,,,,,,,
545,Paprotna,,,,,,,,,,,
546,Parafialna,,,,,,,,,,,
547,Park Biznesu,,,,,,,,,,,
548,Park Brochowski,,,,,,,,,,,
549,Park Popowicki,51.12623664694436,16.997552733182832,,,,,,,,,
550,Park Stabłowicki,51.15991585689947,16.893686956536804,,,,,,,,,
551,Park Staromiejski,51.10505348694456,17.037026591810104,,,,,,,,,
552,Park Szczytnicki,,,,,,,,,,,
553,Park Tysiąclecia,,,,,,,,,,,
554,Park Wschodni,,,,,,,,,,,
555,Park Zachodni,,,,,,,,,,,
556,Partynice (Tor Wyścigów Konnych),,,,,,,,,,,
557,Partyzantów,,,,,,,,,,,
558,Pasikurowice - Energetyczna,,,,,,,,,,,
559,Pasikurowice - Wrocławska (Na Wys. Nr 14),,,,,,,,,,,
560,Pasikurowice - Cmentarz,,,,,,,,,,,
561,Pasikurowice - N/Ż,,,,,,,,,,,
562,Pasikurowice - Skrzy. Malinowa,,,,,,,,,,,
563,Paulińska,,,,,,,,,,,
564,Pawłowice,,,,,,,,,,,
565,Pawłowicka,,,,,,,,,,,
566,Pereca,,,,,,,,,,,
567,Perzowa,,,,,,,,,,,
568,Pełczyńska (Stacja Kolejowa),,,,,,,,,,,
569,Piastowska,,,,,,,,,,,
570,Piecowice,,,,,,,,,,,
571,Pietrzykowice,,,,,,,,,,,
572,Pietrzykowice - Sportowa/Główna,,,,,,,,,,,
573,Pietrzykowice - Sportowa/Pętla,,,,,,,,,,,
574,Pietrzykowice - Wrocławska/Stawowa,,,,,,,,,,,
575,Pietrzykowice - Zakład,,,,,,,,,,,
576,Pilczycka (Anima),,,,,,,,,,,
577,Piołunowa,,,,,,,,,,,
578,Piramowicza (Kampus Biskupin),,,,,,,,,,,
579,Pisarzowice - Graniczna,,,,,,,,,,,
580,Pisarzowice - Kolejowa,,,,,,,,,,,
581,Pisarzowice - Odrzańska,,,,,,,,,,,
582,Pisarzowice - Szkolna,,,,,,,,,,,
583,Piwnika-Ponurego,,,,,,,,,,,
584,Piłsudskiego,,,,,,,,,,,
585,Pl. Hirszfelda,51.09432347670563,17.01703267874251,,,,,,,,,
586,Poczta Główna,,,,,,,,,,,
587,Pola,,,,,,,,,,,
588,Poleska,,,,,,,,,,,
589,Polkowicka,,,,,,,,,,,
590,Pomorska,,,,,,,,,,,
591,Poprzeczna,,,,,,,,,,,
592,Port Popowice,,,,,,,,,,,
593,Połabian,,,,,,,,,,,
594,Poświęcka,,,,,,,,,,,
595,Prudnicka,,,,,,,,,,,
596,Prusa,51.119829577762985,17.056552523078057,,,,,,,,,
597,Pruszowice,,,,,,,,,,,
598,Pruszowice - Las,,,,,,,,,,,
599,Przebiśniegowa,,,,,,,,,,,
600,Przedwiośnie (Stacja Kolejowa),,,,,,,,,,,
601,Przybyszewskiego,,,,,,,,,,,
602,Przybyły,,,,,,,,,,,
603,Przyjaźni,,,,,,,,,,,
604,Przystankowa,,,,,,,,,,,
605,Psary - Parkowa,,,,,,,,,,,
606,Psary - Szkoła,51.186667157671906,17.03178734475163,,,,,,,,,
607,Psary - Wolności,,,,,,,,,,,
608,Psie Pole,51.14572665756581,17.11128446376349,,,,,,,,,
609,Psie Pole (Gorlicka),,,,,,,,,,,
610,Psie Pole (Rondo Lotników Polskich),,,,,,,,,,,
611,Pustecka,,,,,,,,,,,
612,Pułaskiego,51.09824755336539,17.04298549994107,,,,,,,,,
613,Pułtuska,,,,,,,,,,,
614,Północna,,,,,,,,,,,
615,Płaska,,,,,,,,,,,
616,Pl. Bema,51.117112564381934,17.042098986701703,,,,,,,,,
617,Pl. Daniłowskiego,,,,,,,,,,,
618,Pl. Legionów,51.10457562944826,17.022080430396326,,,,,,,,,
619,Pl. Nowy Targ,51.11039457139414,17.03906804744376,,,,,,,,,
620,Pl. Orląt Lwowskich,51.10789956232348,17.02155001993996,,,,,,,,,
621,Pl. Srebrny,,,,,,,,,,,
622,Pl. Strzegomski (Muzeum Współczesne),,,,,,,,,,,
623,Pl. Strzelecki,,,,,,,,,,,
624,Pl. Wróblewskiego,51.10549831294692,17.047623033676672,,,,,,,,,
625,Pl. Zgody (Muzeum Etnograficzne),,,,,,,,,,,
626,Racławicka,51.07738133758759,16.98423984686341,,,,,,,,,
627,Ratyń,,,,,,,,,,,
628,Rod Bajki,,,,,,,,,,,
629,Rod Bielany,,,,,,,,,,,
630,Rod Mieczyk,,,,,,,,,,,
631,Rod Oświata,,,,,,,,,,,
632,Rod Pod Dębem,,,,,,,,,,,
633,Rod Storczyk,,,,,,,,,,,
634,Rod Zgoda,,,,,,,,,,,
635,Rod Źródło Zdrowia,,,,,,,,,,,
636,Rubczaka (Stacja Kolejowa),,,,,,,,,,,
637,Racławicka (Szkoła),,,,,,,,,,,
638,Radakowice - Świetlica,,,,,,,,,,,
639,Radio I Telewizja,,,,,,,,,,,
640,Rakowiecka,,,,,,,,,,,
641,Raków - Osiedle,,,,,,,,,,,
642,Raków - Skrzy.,,,,,,,,,,,
643,Raków I,,,,,,,,,,,
644,Raków Ii,,,,,,,,,,,
645,Raków Iii,,,,,,,,,,,
646,Raków Iv,,,,,,,,,,,
647,Ramiszów,,,,,,,,,,,
648,Ramiszów Stacja,,,,,,,,,,,
649,Ratyń - Skrzyżowanie,,,,,,,,,,,
650,Rdestowa,,,,,,,,,,,
651,Redycka,,,,,,,,,,,
652,Reja,,,,,,,,,,,
653,Renoma,,,,,,,,,,,
654,Rodła,,,,,,,,,,,
655,Rogowska (Ośrodek Sportu),,,,,,,,,,,
656,Rogowska (P+R),51.11041205501294,16.955834134966512,,,,,,,,,
657,Rogowska (Ogrody Działkowe),,,,,,,,,,,
658,Rondo,51.09090331353238,17.017282576852956,,,,,,,,,
659,Rondo Obrońców Grodna,,,,,,,,,,,
660,Rubczaka,,,,,,,,,,,
661,Rymarska,,,,,,,,,,,
662,Rynek,,,,,,,,,,,
663,Rzemieślnicza,,,,,,,,,,,
664,Rzeplin - Al. Lipowa ,,,,,,,,,,,
665,Rzeplin - Pętla,,,,,,,,,,,
666,Różanka,,,,,,,,,,,
667,Rędzin,51.166152046195464,16.966729315557007,,,,,,,,,
668,Rędzińska,51.157394336626375,16.948874939787437,,,,,,,,,
669,Rędzińska (Cmentarz),,,,,,,,,,,
670,Rękodzielnicza,,,,,,,,,,,
671,Rondo Św. Ojca Pio,,,,,,,,,,,
672,Sołtysowice,51.15517403939835,17.06443321898258,,,,,,,,,
673,Spiska (Ośrodek Sportu),,,,,,,,,,,
674,Stabłowicka (Ośrodek Zdrowia),,,,,,,,,,,
675,Szymanów-Pętla,51.19699717554701,17.008996720109298,,,,,,,,,
676,Samotworska,,,,,,,,,,,
677,Samotwór - Dębowa,,,,,,,,,,,
678,Samotwór - Leśna,,,,,,,,,,,
679,Sanocka,,,,,,,,,,,
680,Semaforowa,,,,,,,,,,,
681,Serbska (C.K. Agora),,,,,,,,,,,
682,Serowarska,,,,,,,,,,,
683,Siedlec - Wrocławska/Sklep,,,,,,,,,,,
684,Siedlec - Wrocławska/Szkoła,,,,,,,,,,,
685,Siedlec - Skrzy. Osiedlowa,,,,,,,,,,,
686,Siedlec - Stacja,,,,,,,,,,,
687,Skarbowców,,,,,,,,,,,
688,Skarżyńskiego,,,,,,,,,,,
689,Skała - Wieś,,,,,,,,,,,
690,Skałka,,,,,,,,,,,
691,Skałka - Skrzy. Małkowice,,,,,,,,,,,
692,Skałka - Skrzy. W362,,,,,,,,,,,
693,Skierniewicka,,,,,,,,,,,
694,Smocza,,,,,,,,,,,
695,Smolec - Chłopska/Cisowa,,,,,,,,,,,
696,Smolec - Chłopska/Główna,,,,,,,,,,,
697,Smolec - Chłopska/Wrzosowa,,,,,,,,,,,
698,Smolec - Chłopska/Śliwkowa,,,,,,,,,,,
699,Smolec - Dębowa (Sklep),51.07693323559705,16.881546349691803,,,,,,,,,
700,Smolec - Główna (Na Wys. Nr 52),,,,,,,,,,,
701,Smolec - Główna (Na Wys. Nr 83),,,,,,,,,,,
702,Smolec - Główna/Dworcowa,,,,,,,,,,,
703,Smolec - Lipowa/Pętla,,,,,,,,,,,
704,Smolec - Wiśniowa,,,,,,,,,,,
705,Smolec - Wrocławska,,,,,,,,,,,
706,Smolecka,,,,,,,,,,,
707,Solskiego,,,,,,,,,,,
708,Sosnowiecka,,,,,,,,,,,
709,Sowia,,,,,,,,,,,
710,Sołtysowicka,,,,,,,,,,,
711,Spółdzielcza,,,,,,,,,,,
712,Stabłowice,,,,,,,,,,,
713,Stabłowicka,,,,,,,,,,,
714,Stadion Olimpijski,51.11692678010053,17.089962823203383,,,,,,,,,
715,Stalowa,,,,,,,,,,,
716,Stanisławowska (W.K. Formaty),,,,,,,,,,,
717,Stanki,,,,,,,,,,,
718,Starodworska,,,,,,,,,,,
719,Starodębowa,,,,,,,,,,,
720,Starościńska,,,,,,,,,,,
721,Stoszowska,,,,,,,,,,,
722,Strachowice General Aviation,,,,,,,,,,,
723,Strachowicka,51.12360835581646,16.917952216663636,,,,,,,,,
724,Strachowskiego,,,,,,,,,,,
725,Strumykowa,,,,,,,,,,,
726,Strzegomska (Muzeum Współczesne),,,,,,,,,,,
727,Strzegomska (Krzyżówka),,,,,,,,,,,
728,Strzegomska 148,,,,,,,,,,,
729,Stępin,51.20863776551389,17.28077988500212,,,,,,,,,
730,Stępin - Kościół,,,,,,,,,,,
731,Sucha,,,,,,,,,,,
732,Suchy Dwór - Skrzy. (Wrocławska/Główna),,,,,,,,,,,
733,Suchy Dwór - Skrzy. Mędłów,,,,,,,,,,,
734,Sudecka,,,,,,,,,,,
735,Suwalska,,,,,,,,,,,
736,Swojczyce,,,,,,,,,,,
737,Syrokomli,,,,,,,,,,,
738,Szczecińska,,,,,,,,,,,
739,Szczepin,,,,,,,,,,,
740,Szczodre - Szkoła,,,,,,,,,,,
741,Szczodre - Trzebnicka,,,,,,,,,,,
742,Szczodre - Trzebnicka (Na Wys. Nr 3A),,,,,,,,,,,
743,Szczodre - Pętla,51.19450054579013,17.182808878209627,,,,,,,,,
744,Szczodre - Stawy,,,,,,,,,,,
745,Szewczenki,,,,,,,,,,,
746,Szkocka,,,,,,,,,,,
747,Szkolna,,,,,,,,,,,
748,Szkoła Żerniki,51.12140080867286,16.925068679263013,,,,,,,,,
749,Sztabowa,,,,,,,,,,,
750,Szukalice,,,,,,,,,,,
751,Szybowcowa,,,,,,,,,,,
752,Szymanów,,,,,,,,,,,
753,Szymanów (Letnia),51.19515974461297,17.014789786824,,,,,,,,,
754,Szymanów (Widawska),,,,,,,,,,,
755,Szymanów - Skrzyż.,,,,,,,,,,,
756,Sąsiedzka,,,,,,,,,,,
757,Sępolno,51.11391087105509,17.10384448137332,,,,,,,,,
758,Słoneczna,,,,,,,,,,,
759,Słonimskiego,,,,,,,,,,,
760,Słowiańska,,,,,,,,,,,
761,Skwer Krasińskiego,,,,,,,,,,,
762,Tarczyński Arena (Królewiecka),,,,,,,,,,,
763,Tarnogaj,51.07818893886245,17.06431201270795,,,,,,,,,
764,Trestno (Pętla),,,,,,,,,,,
765,Tyniecka (Pętla),,,,,,,,,,,
766,Tarczyński Arena (Lotnicza),51.137258452112206,16.940790845709763,,,,,,,,,
767,Tarnogajska,,,,,,,,,,,
768,Tczewska,,,,,,,,,,,
769,Tokary - Centrum,,,,,,,,,,,
770,Tokary - Osiedle,,,,,,,,,,,
771,Topolowa,,,,,,,,,,,
772,Tramwajowa,,,,,,,,,,,
773,Trawowa,,,,,,,,,,,
774,Trestno - Kościół,,,,,,,,,,,
775,Trestno - Świetlica,,,,,,,,,,,
776,Trzebnicka,,,,,,,,,,,
777,Trzmielowicka,,,,,,,,,,,
778,Tunelowa,,,,,,,,,,,
779,Turoszowska,,,,,,,,,,,
780,Tymiankowa,,,,,,,,,,,
781,Tyniecka,,,,,,,,,,,
782,Tyrmanda,,,,,,,,,,,
783,Tęczowa,,,,,,,,,,,
784,Uniwersytet Dolnośląski Dsw,,,,,,,,,,,
785,Uniwersytet Ekonomiczny,51.089583237501394,17.02858971284679,,,,,,,,,
786,Uniwersytet Wrocławski,,,,,,,,,,,
787,Urząd Wojewódzki (Impart),,,,,,,,,,,
788,Urząd Wojewódzki (Muzeum Narodowe),,,,,,,,,,,
789,Vivaldiego,,,,,,,,,,,
790,Volvo,,,,,,,,,,,
791,Volvo - Brama Ii,,,,,,,,,,,
792,Wałbrzyska,,,,,,,,,,,
793,Wojnów (Pętla),51.09590525651294,17.16597507817714,,,,,,,,,
794,Wallenroda,,,,,,,,,,,
795,Waniliowa,,,,,,,,,,,
796,Wapienna,,,,,,,,,,,
797,Warmińska,,,,,,,,,,,
798,Wawrzyniaka,,,,,,,,,,,
799,Weigla (Szpital),,,,,,,,,,,
800,Wejherowska (Hala Orbita),,,,,,,,,,,
801,Wełniana,,,,,,,,,,,
802,Wiaduktowa,,,,,,,,,,,
803,Widawa,,,,,,,,,,,
804,Widna,,,,,,,,,,,
805,Wiejska,,,,,,,,,,,
806,Wielka,51.09393060478208,17.02085699282174,,,,,,,,,
807,Wielkopolska,,,,,,,,,,,
808,Wilczyce,,,,,,,,,,,
809,Wilczyce - Borowa,,,,,,,,,,,
810,Wilczyce - Dworska,,,,,,,,,,,
811,Wilczyce - Dębowa,,,,,,,,,,,
812,Wilczyce - Sosnowa,,,,,,,,,,,
813,Wilczyce - Wilczycka (Clarena),,,,,,,,,,,
814,Wilczyce - Wilczycka (Stary Młyn),,,,,,,,,,,
815,Wilczyce - Wrocławska (Na Wys. Nr 1F),,,,,,,,,,,
816,Wilczyce - Szkoła,,,,,,,,,,,
817,Wilkszyn (Pętla),51.19180144999823,16.862616599479313,,,,,,,,,
818,Wilkszyn - Miłoszyn,,,,,,,,,,,
819,Wilkszyn - Polna,,,,,,,,,,,
820,Wilkszyńska,,,,,,,,,,,
821,Wita Stwosza,,,,,,,,,,,
822,Witelona,,,,,,,,,,,
823,Witkowska,,,,,,,,,,,
824,Wiślańska,,,,,,,,,,,
825,Wiśniowa,,,,,,,,,,,
826,Wojanowska,,,,,,,,,,,
827,Wojnów,,,,,,,,,,,
828,Wojszyce,,,,,,,,,,,
829,Wojszycka,,,,,,,,,,,
830,Wolska,,,,,,,,,,,
831,Wołowska,,,,,,,,,,,
832,Wrocław Mikołajów (Zachodnia),,,,,,,,,,,
833,Wrocław Nowy Dwór (P+R),51.1199170288358,16.9524744209089,,,,,,,,,
834,Wrocław Popowice (17.Południk),,,,,,,,,,,
835,Wrocław Szczepin,,,,,,,,,,,
836,Wrocławski Park Przemysłowy,,,,,,,,,,,
837,Wrocławski Park Technologiczny,51.10556282783089,16.970760412109904,,,,,,,,,
838,Wróblowice,,,,,,,,,,,
839,Wróblowice Innowacyjna,,,,,,,,,,,
840,Wschowska,,,,,,,,,,,
841,Wysoka,,,,,,,,,,,
842,Wysoka - Chabrowa,,,,,,,,,,,
843,Wysoka - Lipowa,,,,,,,,,,,
844,Wysoka - Lipowa/Jeżynowa,,,,,,,,,,,
845,Wysoka - Lipowa/Parkowa,,,,,,,,,,,
846,Wysoka - Radosna,,,,,,,,,,,
847,Wysoka - Osiedle,,,,,,,,,,,
848,Wyszyńskiego,,,,,,,,,,,
849,Wyścigowa,,,,,,,,,,,
850,Wzgórze Partyzantów,,,,,,,,,,,
851,Węgrów (Na Wys. Nr 27),,,,,,,,,,,
852,Węgrów (Na Wys. Nr 7),,,,,,,,,,,
853,Zakrzów,51.16200367420869,17.12470310513678,,,,,,,,,
854,Zoo,,,,,,,,,,,
855,Zwycięska,51.05929245261485,17.011292403922248,,,,,,,,,
856,Zabrodzie - Pętla,51.05685864069994,16.945730473573253,,,,,,,,,
857,Zabór Mały,,,,,,,,,,,
858,Zabór Wielki,,,,,,,,,,,
859,Zacisze,,,,,,,,,,,
860,Zagony,,,,,,,,,,,
861,Zagrodnicza,,,,,,,,,,,
862,Zagłoby,,,,,,,,,,,
863,Zagłębiowska,,,,,,,,,,,
864,Zajazdowa,,,,,,,,,,,
865,Zajezdnia Borek,51.07861930214311,17.006993846840256,,,,,,,,,
866,Zajezdnia Gaj,,,,,,,,,,,
867,Zajezdnia Obornicka,,,,,,,,,,,
868,Zajezdnia Ołbin,,,,,,,,,,,
869,Zajączkowska,,,,,,,,,,,
870,Zakrzowska,,,,,,,,,,,
871,Zakładowa,,,,,,,,,,,
872,Zalewowa,,,,,,,,,,,
873,Zamkowa,,,,,,,,,,,
874,Zaolziańska,,,,,,,,,,,
875,Zaporoska,51.097177958558255,17.014573861349355,,,,,,,,,
876,Zaprężyn,,,,,,,,,,,
877,Zarembowicza,,,,,,,,,,,
878,Zbożowa,,,,,,,,,,,
879,Zemska,51.1157852614334,16.947166859648547,,,,,,,,,
880,Zgorzelisko,,,,,,,,,,,
881,Zielińskiego,,,,,,,,,,,
882,Zielna,,,,,,,,,,,
883,Ziemniaczana,,,,,,,,,,,
884,Zimowa,,,,,,,,,,,
885,Złotnicka,,,,,,,,,,,
886,Złotniki,51.13922760496478,16.892494937095062,,,,,,,,,
887,Złotostocka,,,,,,,,,,,
888,Ćwiczebna,,,,,,,,,,,
889,Łosice,,,,,,,,,,,
890,Łosice - Plac Zabaw,,,,,,,,,,,
891,Łososiowicka,,,,,,,,,,,
892,Łowęcice - Staw,,,,,,,,,,,
893,Łozina - Cmentarz,,,,,,,,,,,
894,Łozina - Kościół,,,,,,,,,,,
895,Łozina - Milicka/Poczta,,,,,,,,,,,
896,Łozina - Milicka/Szkoła,,,,,,,,,,,
897,Łozina - Nowego Osiedla I,,,,,,,,,,,
898,Łozina - Nowego Osiedla Ii,,,,,,,,,,,
899,Łozina - Wrocławska (Na Wys. Nr 18),,,,,,,,,,,
900,Łozina - Skrzy.,,,,,,,,,,,
901,Ługowa,,,,,,,,,,,
902,Łużycka,,,,,,,,,,,
903,Ślazowa,,,,,,,,,,,
904,Świdnicka (Dom Europy),,,,,,,,,,,
905,Świniary,51.19665224018954,16.97515183506888,,,,,,,,,
906,Śliczna,,,,,,,,,,,
907,Śliwice,,,,,,,,,,,
908,Śliwowa,,,,,,,,,,,
909,Ślusarska,,,,,,,,,,,
910,Ślęza - Dębowa,,,,,,,,,,,
911,Ślęza - Szyszkowa,,,,,,,,,,,
912,Ślęza - Autostrada,,,,,,,,,,,
913,Ślęza - Skrzyżowanie,,,,,,,,,,,
914,Śniadeckich,,,,,,,,,,,
915,Śnieżna,,,,,,,,,,,
916,Średzka,,,,,,,,,,,
917,Śrubowa,,,,,,,,,,,
918,Świdnicka,,,,,,,,,,,
919,Świeradowska,,,,,,,,,,,
920,Świstackiego,,,,,,,,,,,
921,Świt,,,,,,,,,,,
922,Świętokrzyska,,,,,,,,,,,
923,Źródła,,,,,,,,,,,
924,Żar,,,,,,,,,,,
925,Żelazna,,,,,,,,,,,
926,Żernicka,,,,,,,,,,,
927,Żerniki,,,,,,,,,,,
928,Żmigrodzka (Obwodnica),51.154205181053875,17.02841774328803,,,,,,,,,
929,Żmudzka,,,,,,,,,,,
930,Żurawiniec,,,,,,,,,,,
931,Żórawina - Niepodległości (Mostek),,,,,,,,,,,
932,Żórawina - Orange,,,,,,,,,,,
933,Żórawina - Wrocławska,,,,,,,,,,,
934,Żórawina - Kościół Św. Trójcy,,,,,,,,,,,
935,Żórawina - Osiedle,,,,,,,,,,,
936,Żórawina - Skrzy.,,,,,,,,,,,
937,Żórawina - Skrzy. Niepodległości,,,,,,,,,,,
938,8 Maja,51.11336855469333,17.090652628379562,,,,,,,,,
939,Biskupin,51.101156726871544,17.10878184625894,,,,,,,,,
