IdP,Nazwa,X,Y,Szkola,Praca,Zakupy,Rozrywka,Restauracje,Spotkania,Zdrowie,Kultura,Osiedle
1,Auchan,51.05206465086713,16.97405614179184,0,1,0,1,0,0,0,0,
2,Adamczewskich,,,0,1,0,1,0,0,0,0,
3,Adamieckiego,,,0,1,0,1,0,0,0,0,
4,Aleja Architektów,,,0,1,0,0,0,0,0,0,
5,Aleja Pracy,51.091560310940835,16.986017654489636,0,1,0,1,0,0,0,0,
6,Aleja Wędrowców,,,0,1,0,1,0,0,0,0,
7,Arabska,,,0,0,1,1,0,1,0,0,
8,Arachidowa,,,0,1,1,1,1,1,0,0,
9,Arena,51.094595429201334,17.02684334092273,0,1,0,0,0,0,0,0,
10,Arkady (Capitol),51.101311713695495,17.02920152939193,0,1,0,0,0,0,0,0,
11,Armii Krajowej,51.08721507621936,17.068804679197427,0,0,1,0,0,0,0,0,
12,Armii Krajowej (Bogedaina),51.08544610886502,17.065769946395573,0,0,0,0,0,0,0,0,
13,Asfaltowa (Szkoła),,,1,0,1,0,0,0,0,0,
14,Awicenny,51.08779201848536,16.952600226821392,0,0,1,1,0,0,0,0,
15,Awicenny (Poczta Polska),,,0,0,1,1,0,0,0,0,
16,Awicenny (Stacja Kolejowa),,,0,0,1,1,1,0,0,0,
17,Azaliowa,51.16417302505197,17.111936985264645,0,0,1,0,1,0,0,0,
18,Bardzka (Cmentarz),,,0,1,0,1,1,0,0,0,
19,Bartoszowice,51.10254703482137,17.116068154482406,0,1,0,0,1,0,0,0,
20,Bierutowska (Ośrodek Zdrowia),,,0,1,0,0,1,0,0,0,
21,Bierutowska (Wiadukt),,,0,1,0,0,1,0,0,0,
22,Bieńkowice,,,0,0,0,0,1,1,0,0,
23,Blacharska,51.082100800137525,16.989602228016498,0,0,0,0,1,1,0,0,
24,Blizanowice,,,0,0,0,0,1,1,0,0,
25,Brochów,51.05885968440409,17.08694348666342,0,1,0,0,0,0,0,0,
26,Brochów (Stacja Kolejowa),,,0,1,0,0,0,0,0,0,
27,Brzezina (Pętla),,,0,1,0,0,0,0,0,0,
28,Babimojska,,,0,1,0,0,0,0,0,0,
29,Bacciarellego,,,0,1,1,0,0,0,0,0,
30,Bagatela,,,0,1,1,1,0,0,0,0,
31,Bajana,51.13067573129262,16.96721622051298,0,1,1,1,0,0,0,0,
32,Bardzka,,,0,1,0,1,0,0,0,0,
33,Bałtycka,51.137405955668434,17.02998278896388,0,1,0,1,0,0,0,0,
34,Bałtycka (Szkoła),,,0,1,0,0,0,0,0,0,
35,Berenta,,,0,1,0,0,1,1,0,0,
36,Bezpieczna,,,0,1,0,0,1,1,0,0,
37,Białowieska,51.12724015910812,16.992562842510853,0,1,0,0,1,1,0,0,
38,Białych Goździków,,,0,1,0,0,1,1,0,0,
39,Biegasa,,,0,1,0,0,0,1,0,0,
40,Bielany Wrocławskie - Boczna,51.03760776683395,16.968370052443074,0,1,1,1,1,1,0,0,
41,Bielany Wrocławskie - Kościół,,,0,1,1,1,1,1,0,0,
42,Bielany Wrocławskie - Kwiatowa,,,0,1,1,1,1,1,0,0,
43,Bielany Wrocławskie - Makro,,,0,1,1,1,1,1,0,0,
44,Bielany Wrocławskie - Pkp,51.03787415866647,16.97651083623315,0,1,1,1,1,1,0,0,
45,Bielany Wrocławskie - Skrzyżowanie,,,0,1,1,1,1,1,0,0,
46,Bielawa,,,0,0,0,0,0,0,0,0,
47,Bierdzany,,,0,0,0,0,0,0,0,0,
48,Bierutowska,,,0,1,0,0,0,0,0,0,
49,Bierutowska 65,,,0,1,0,1,0,0,0,0,
50,Bierutowska 75,,,0,1,0,1,0,0,0,0,
51,Bierzyce,,,0,1,0,1,0,0,0,0,
52,Bierzyce - Wieś,,,0,1,0,1,0,0,0,0,
53,Biestrzyków - Wrocławska,,,0,1,0,1,0,0,0,0,
54,Biskupice Podg. Dsc Poland/Dong Yang,,,0,1,0,1,0,0,0,0,
55,Biskupice Podg. Lg Chem,51.01598115789774,16.886685994490872,0,1,0,1,0,0,0,0,
56,Biskupice Podg. Lg Electronics,,,0,1,1,0,0,0,0,0,
57,Biskupice Podg. Lg Energy Solution Wr. I,,,0,1,1,0,0,0,0,0,
58,Biskupice Podg. Lg Innotek,,,0,1,1,0,0,0,0,0,
59,Blizanowicka,,,0,1,1,0,0,0,0,0,
60,Bociania,,,0,1,1,0,0,0,0,0,
61,Bojanowska,,,0,1,1,0,1,1,0,0,
62,Borowa - Skrzy.,,,0,1,1,0,1,1,0,0,
63,Borowa - Stacja Kolejowa,,,0,1,1,0,1,1,0,0,
64,Borowa - Szkoła,,,0,1,0,0,1,1,0,0,
65,Borowska (Aquapark),51.088367863617144,17.034442654627686,0,1,0,1,1,1,0,0,
66,Borowska (Szpital),51.07499904408411,17.03276236038542,0,0,0,0,1,1,1,0,
67,Braterska,,,0,0,0,0,0,0,0,0,
68,Brochowska,,,0,0,0,0,0,0,0,0,
69,Brodzka,,,0,0,0,0,0,0,0,0,
70,Broniewskiego,,,0,0,0,0,0,0,0,0,
71,Brzezia Łąka - Główna,,,0,0,0,0,0,0,0,0,
72,Brzezia Łąka - Główna Pętla,,,0,0,0,0,0,0,0,0,
73,Brzezia Łąka - Wrocławska,51.12341320762174,17.24565281976186,0,0,0,0,0,0,0,0,
74,Brzezia Łąka - Cmentarz,,,0,0,0,0,0,0,0,0,
75,Brzezia Łąka - Skrzy. Główna,,,0,0,0,0,0,0,0,0,
76,Brzezia Łąka - Skrzy. Orzechowa,,,0,0,0,0,0,0,0,0,
77,Brzezia Łąka - Skrzy. Sportowa,,,0,0,0,0,0,0,0,0,
78,Brzezina - Biedronka,51.18717107239037,16.833044110412203,0,1,1,1,0,0,0,0,
79,Brzezina - Kościół,,,0,1,1,0,0,0,0,0,
80,Brzezina - Osiedle,,,0,1,1,0,1,1,0,0,
81,Brzezina - Zacisze,,,0,1,1,0,1,1,0,0,
82,Brzezina - Ul. Chrobrego,,,0,0,1,0,0,0,0,0,
83,Brzezinka Średzka - Pkp,51.21937122051414,16.8368920836159,0,0,1,0,0,0,0,0,
84,Brzezinka Średzka - Ul. Główna,,,0,0,1,0,0,0,0,0,
85,Brzezinka Średzka - Ul. Kolejowa,,,0,0,0,0,0,0,0,0,
86,Brzezinka Średzka - Ul. Parkowa,,,0,0,0,1,0,0,0,0,
87,Brzezińska,,,0,0,0,1,0,0,0,0,
88,Brücknera,51.139580773126326,17.082045173795425,0,1,0,1,0,0,0,0,
89,Budziszyńska,,,0,1,0,1,1,1,0,0,
90,Budziwojowice,,,0,1,0,1,1,1,0,0,
91,Buforowa-Rondo,,,0,1,0,1,1,1,0,0,
92,Bujwida,51.11349209551047,17.067194488388004,0,1,0,1,1,1,0,0,
93,Bukowina,,,0,1,0,1,1,1,0,0,
94,Bukowina - Skrzy.,,,0,1,0,0,1,1,0,0,
95,Bukowskiego,,,0,1,0,0,1,1,0,0,
96,Bulwar Dedala,,,0,1,0,0,0,0,0,0,
97,Byków - Jaśminowa,,,0,1,0,0,0,0,0,0,
98,Byków - Ogrodowa,,,0,0,0,0,0,0,0,0,
99,Bystrzycka,,,0,0,0,0,0,0,0,0,
100,Bzowa (Centrum Historii Zajezdnia),,,0,0,0,0,0,0,0,0,
101,Bąków,,,0,0,0,0,0,0,0,0,
102,Błonie,,,0,1,1,1,1,1,0,0,
103,C.h. Aleja Bielany,51.04792328230276,16.961225593982483,0,1,1,1,1,1,0,0,
104,C.h. Korona,51.1419571122646,17.092981210400584,0,0,0,0,0,0,0,0,
105,Ceglana,,,0,0,0,0,0,0,0,0,
106,Cesarzowice Skrz.,,,0,0,0,0,0,0,0,0,
107,Chachaja,,,0,0,0,0,0,0,0,0,
108,Chełmońskiego,51.10381514447863,17.090812423137496,0,0,0,1,1,0,0,0,
109,Chińska,,,0,0,0,1,1,0,0,0,
110,Chociebuska (C. K. Nowy Pafawag),,,0,1,0,1,1,0,0,0,
111,Chopina,51.11685473637358,17.081731549359084,0,1,0,1,1,0,0,0,
112,Chwałkowska,,,0,1,0,0,0,0,0,0,
113,Chłodna,,,0,1,0,0,0,0,0,0,
114,Ciechocińska,,,0,1,0,0,0,0,0,0,
115,Cynamonowa,51.17596381345519,16.998301913759743,0,1,0,0,0,1,0,0,
116,Czajkowskiego,,,0,0,0,0,0,1,0,0,
117,Częstochowska,,,0,0,1,1,0,0,0,0,
118,DH Astra,51.12805420242871,16.976129736725355,0,0,1,1,0,0,0,0,
119,Dworzec Autobusowy,51.09729900567407,17.032717005635604,0,0,0,0,0,0,0,0,
120,Dworzec Główny,51.09991056706695,17.035898001055422,0,0,0,0,0,0,0,0,
121,Dworzec Nadodrze,51.12455339109722,17.035028614190917,0,0,0,0,0,0,0,0,
122,Damrota,,,0,0,0,0,0,0,0,0,
123,Daszyńskiego,51.126555244430754,17.04811148017275,0,0,0,0,0,0,0,0,
124,Dembowskiego (Kosiby),,,0,0,0,0,0,0,0,0,
125,Dobroszycka,,,0,0,0,0,0,0,0,0,
126,Dobroszów - Skrzy. Węgierska,,,1,1,1,0,0,0,0,0,
127,Dobroszów Oleśnicki,,,1,1,1,0,0,0,0,0,
128,Dolmed,,,0,0,0,0,0,0,0,0,
129,Dolnobrzeska,,,0,0,0,0,0,0,0,0,
130,Domaszczyn - Kościół,51.18806195344532,17.164896360316153,0,0,0,0,0,0,0,0,
131,Domaszczyn - Stawowa,,,0,1,1,1,1,0,0,0,
132,Domaszczyn - Trzebnicka,,,0,1,1,1,1,1,0,0,
133,Domaszczyn - Wrocławska Skrzyżowanie,,,0,1,1,1,1,1,0,0,
134,Domaszczyn - Wrocławska Sklep,,,0,1,0,1,1,1,0,0,
135,Domaszczyn - Skrzy.,,,0,1,0,1,1,1,0,0,
136,Drukarska,51.08992603209225,17.020808262939752,0,0,0,1,1,0,0,0,
137,Drzewieckiego,,,0,0,0,0,1,0,0,0,
138,Dubois,51.117176742277856,17.034137253809458,1,1,1,0,1,0,0,0,
139,Dworska,51.14354654875148,16.954555957282555,0,0,0,1,1,0,0,0,
140,Dworzec Główny (Dworcowa),,,0,1,1,1,1,1,0,0,
141,Dworzec Główny (Stawowa),,,0,1,1,1,1,1,0,0,
142,Dworzec Świebodzki,51.10891124958224,17.01813593209831,0,1,1,1,1,1,0,0,
143,Dyrekcyjna,51.09429978719772,17.032230222300967,0,0,0,0,0,0,0,0,
144,Działdowska,,,0,0,0,0,0,0,0,0,
145,Działkowa,,,0,0,0,0,0,0,0,0,
146,Dzielna,,,0,0,0,0,0,0,0,0,
147,Dąbrowica,,,0,0,0,0,0,0,0,0,
148,Długa (Ogrody Działkowe),,,0,1,0,1,0,0,0,0,
149,Długołęka - Broniewskiego (Na Wys. Nr 11),,,0,1,0,1,0,0,0,0,
150,Długołęka - Kasztanowa,,,0,1,1,1,0,0,0,0,
151,Długołęka - Kościół,,,0,0,1,1,0,0,0,0,
152,Długołęka - Nowy Urząd,,,0,0,1,0,1,1,0,0,
153,Długołęka - Parkowa/Skrzy.,,,0,1,1,1,0,0,0,0,
154,Długołęka - Selgros Pętla,,,0,1,1,1,0,0,0,0,
155,Długołęka - Wiejska,,,0,1,1,1,0,0,0,0,
156,EPI,51.098237988398594,17.030786279652435,0,1,0,1,1,1,0,0,
157,Eluarda,,,0,1,0,0,1,1,0,0,
158,FAT,51.09456985835426,16.97989446837951,0,0,0,0,1,1,0,0,
159,Fabryczna,51.112419642527264,16.98308283428756,0,0,0,1,0,0,0,0,
160,Ferma - Stadnina Koni,,,0,0,0,1,0,0,0,0,
161,Fieldorfa,51.14650758598321,16.907923020092028,0,0,0,1,1,1,0,0,
162,Fieldorfa (Szpital),,,0,1,0,1,0,0,1,0,
163,Fiołkowa,51.09219529426615,16.977602768379565,0,0,1,1,0,0,1,0,
164,Gaj,,,0,0,1,1,0,0,0,0,
165,Gaj - Pętla,51.07684951418592,17.050125422240534,0,0,1,1,0,0,0,0,
166,Galeria Dominikańska,51.107771408106736,17.03866833093261,0,0,0,0,0,0,0,0,
167,Gałów (Pętla),,,0,1,0,0,0,0,0,0,
168,Giełdowa (Centrum Hurtu),51.06811477502571,16.969519320359183,0,1,0,0,0,0,0,1,
169,Grabiszyńska (Cmentarz II),51.08764419868628,16.975478844221627,0,0,1,1,1,0,0,0,
170,Grabiszyńska (Cmentarz),,,0,1,1,1,1,0,0,0,
171,Gagarina,51.09538823648097,16.93472053855083,0,1,1,1,1,0,0,0,
172,Gajowa,,,0,1,0,0,0,0,0,0,
173,Gajowicka,51.08888659802636,17.00669785900586,0,1,0,0,0,0,0,0,
174,Gajowicka (Szkoła),,,1,0,0,1,1,0,0,0,
175,Gazowa,51.07821989511504,17.06964401037991,0,0,1,1,1,0,0,0,
176,Gałczyńskiego,,,0,0,1,1,0,0,0,0,
177,Gałowska,,,0,0,0,0,0,0,0,0,
178,Gałów Przedszkole,,,1,1,0,0,0,0,0,0,
179,Gałów Przy Posesji Nr 2,,,0,0,0,0,0,0,0,0,
180,Glinianki,51.13801310773433,16.935572172202185,0,0,0,0,0,0,0,0,
181,Godebskiego (Awf Wrocław),,,0,0,0,1,1,0,0,0,
182,Godzieszowa (Na Wys. Nr 3),,,0,0,0,0,0,0,0,0,
183,Godzieszowa (Na Wys. Nr 8),,,0,1,1,1,1,0,0,0,
184,Godzieszowa - Transformator,,,0,1,1,1,1,0,0,0,
185,Gorlicka,,,0,1,1,1,1,0,0,0,
186,Gospodarska,,,0,0,0,0,0,0,0,0,
187,Grabiszyńska,51.10229804470878,17.01319260039603,0,0,0,0,0,0,0,0,
188,Grabowa,,,0,1,0,0,0,0,0,0,
189,Graniczna,51.10852773211649,16.909633339581077,0,1,0,1,1,1,0,0,
190,Graniczna (Strachowicka),,,0,1,0,1,1,1,0,0,
191,Grochowa,,,0,1,1,1,1,1,0,0,
192,Gromadzka,,,0,1,1,1,1,1,0,0,
193,Grota-Roweckiego,51.05070975916696,17.03024185272085,0,1,1,1,1,1,0,0,
194,Grudziądzka,,,0,1,1,0,0,0,0,0,
195,Grunwaldzka,51.11508503101916,17.067225347131597,0,0,0,1,1,0,0,0,
196,Grzybowa,,,1,0,0,1,1,0,0,0,
197,Gwiaździsta,,,0,0,0,0,0,0,0,0,
198,Góra Kapliczna,51.15140923758712,16.992914247199728,0,0,0,1,1,0,0,0,
199,Górnickiego,,,0,0,0,1,1,0,0,0,
200,Górnicza,51.14038812055504,16.959001406086617,0,0,0,0,0,1,0,0,
201,Gądowianka,,,0,0,0,0,0,1,0,0,
202,Gąsiorowskiego,,,0,1,0,0,0,0,0,0,
203,Gąsiorów,,,0,1,0,0,0,0,0,0,
204,Gęsia,,,0,1,0,1,1,0,0,0,
205,Głogowska,,,0,1,0,1,1,1,0,0,
206,Głoska - Ul. Średzka,,,0,1,0,0,0,0,0,0,
207,Głubczycka,,,0,1,0,0,0,0,0,0,
208,Główna,,,0,1,0,0,0,0,0,0,
209,Hala Stulecia,51.10711908745529,17.073260255577743,0,1,1,1,1,1,0,0,
210,Hala Targowa,51.11270585316793,17.0394944195422,0,0,1,1,1,1,0,0,
211,Halicka,,,0,0,0,0,0,0,0,0,
212,Hallera,51.08638626845392,17.012038690891746,0,0,0,1,1,0,0,0,
213,Hartmana,,,1,1,1,1,1,0,0,0,
214,Hermanowska,,,1,1,1,0,0,0,0,0,
215,Hippiczna,,,0,0,0,0,0,0,0,0,
216,Hubska (Dawida),51.09326802569582,17.042821476199666,0,0,0,1,1,0,0,0,
217,Husarska,,,0,0,0,0,0,0,0,0,
218,Hutmen,,,0,0,0,1,1,1,0,0,
219,Hynka,,,0,0,0,1,1,1,0,0,
220,Iwiny - Pętla,51.04229666798833,17.072355934029353,0,0,0,0,0,0,0,0,
221,Inflancka,,,0,0,0,0,0,0,0,0,
222,Inowrocławska,51.11553448781732,17.014584755202133,0,1,1,1,1,0,0,0,
223,Inżynierska,51.09464966222213,16.99164064160341,0,1,1,1,1,0,0,0,
224,Irysowa,51.151021361918744,17.017640526393667,0,0,0,0,0,1,0,0,
225,Iwiny - Brochowska/Polna,,,0,0,1,1,0,1,0,0,
226,Iwiny - Kolejowa,,,0,0,1,1,0,1,0,0,
227,Iwiny - Kościuszki 21,,,0,0,0,0,0,1,0,0,
228,Iwiny - Słoneczna,,,0,0,0,0,0,0,0,0,
229,Iwiny - Rondo,,,0,0,0,0,0,0,0,0,
230,Janówek (Woś),51.19172999743153,16.90617532388059,0,0,0,0,0,1,0,0,
231,Jarnołtów,,,0,0,0,0,0,1,0,0,
232,Jagodzińska,,,0,1,0,0,0,1,0,0,
233,Jaksonowice - Skrzy.,,,0,1,0,0,0,1,0,0,
234,Januszkowice - Wrocławska,,,0,1,1,1,1,1,0,0,
235,Janówek,,,0,1,0,1,1,0,0,0,
236,Jarnołtowska (Samotworska),51.120121020123925,16.85006911808537,0,1,0,1,1,0,0,0,
237,Jarocińska,,,0,1,0,0,0,0,0,0,
238,Jarzębinowa,,,0,1,0,0,0,0,0,0,
239,Jasińskiej,,,0,1,0,0,0,0,0,0,
240,Jastrzębia,51.08399812795594,17.01040773549541,0,1,1,1,1,1,0,0,
241,Jaszkotle - Kościół,,,0,0,0,0,0,0,0,0,
242,Jaworowa,,,0,0,0,0,0,0,0,0,
243,Jedności Narodowej,51.12132203646591,17.043400309479193,0,0,0,0,0,0,0,0,
244,Jeleniogórska,51.14526469994408,16.878219006010855,0,0,1,1,1,0,0,0,
245,Jerzmanowo (Cmentarz I),,,0,1,1,1,1,0,0,0,
246,Jerzmanowo (Cmentarz II),,,0,1,1,1,1,0,0,0,
247,Jerzmanowo (Cmentarz),,,0,1,1,1,1,0,0,0,
248,Jerzmanowska Nr 17,,,0,1,0,0,0,0,0,0,
249,Jerzmanowska Nr 9,,,0,1,0,0,0,0,0,0,
250,Joannitów,,,0,1,1,1,1,0,0,0,
251,Jordanowska,,,0,1,1,1,1,0,0,0,
252,Jutrosińska,,,0,1,1,1,1,0,0,0,
253,Jędrzejowska,,,0,1,1,1,1,0,0,0,
254,Kamieńskiego (Pętla),51.150701041129885,17.043151260506015,0,1,1,1,1,0,0,0,
255,Karłowice,51.13411347002424,17.03692672048272,0,1,0,0,0,0,0,0,
256,Kiełczowska (Lzn),,,0,1,0,1,1,0,0,0,
257,Klecina,51.06557363255986,16.9875943223411,0,1,0,1,1,0,0,0,
258,Klecina (Stacja Kolejowa),51.05816512564313,16.987906208250404,0,1,0,1,1,0,0,0,
259,Kminkowa,,,0,1,0,1,1,0,0,0,
260,Koszarowa (Szpital),51.14171753268457,17.064723506372715,0,1,0,1,1,0,1,0,
261,Koszarowa (Uniwersytet),51.14050169536454,17.068475138483297,1,1,0,0,0,0,0,0,
262,Kowale,51.127909463745006,17.102404916462614,0,1,1,1,0,0,0,0,
263,Kozanów,51.137480723569354,16.968859808499722,0,1,1,1,0,0,0,0,
264,Kozanów (Dokerska),51.141220367073785,16.96403479408775,0,0,0,0,1,1,0,0,
265,Krakowska (Centrum Handlowe),51.09038855750975,17.064271103207957,0,0,1,0,1,1,0,0,
266,Kromera,51.13205230482232,17.065250678350605,0,0,0,0,0,0,0,0,
267,Krzyki,51.07480252089975,17.00689248884458,0,0,0,0,0,0,0,0,
268,Krzyżanowice,51.17715583276282,17.049786181779762,0,0,0,0,0,1,0,0,
269,Księże Małe,51.07749979333205,17.08374744124331,0,0,1,0,0,1,0,0,
270,Księże Wielkie,51.069834405541904,17.09753246976329,0,1,0,1,0,1,0,0,
271,Kuźniki,51.12368352802662,16.950555585340002,0,1,0,1,0,1,0,0,
272,Kuźniki (Stacja Kolejowa),,,0,1,0,0,0,0,0,0,
273,Kaczorowskiego,,,1,1,0,0,0,0,0,0,
274,Kadłub Nż,,,0,1,0,0,0,0,0,0,
275,Kadłub Wieś,,,0,1,1,1,0,0,0,0,
276,Kadłubka,,,0,1,1,1,0,1,0,0,
277,Kajdasza,,,0,1,1,1,0,1,0,0,
278,Kamienna,51.08563818869128,17.047235198199935,0,1,0,0,0,1,0,0,
279,Kamiennogórska (Ośrodek Dla Niewidomych),,,1,1,0,0,0,1,0,0,
280,Kamień - Bursztynowa,,,0,1,1,0,0,1,0,0,
281,Kamień - Diamentowa,,,0,1,0,0,0,0,0,0,
282,Kamień - Skrzy.,,,0,1,0,1,1,1,1,0,
283,Kamień - Skrzy. Diamentowa,,,0,0,0,1,1,1,0,0,
284,Kamień - Skrzy. Kryształowa,,,0,1,0,0,0,0,0,0,
285,Kamień - Skrzy. Rubinowa,,,0,1,0,1,1,0,0,0,
286,Kamieńskiego,51.140140242908146,17.03236611042412,0,0,1,1,1,1,0,0,
287,Kamieńskiego (Szpital),,,1,0,0,1,1,0,0,0,
288,Karwiany - Skrzy. (Wrocławska/Majowa),,,0,0,0,0,0,0,0,0,
289,Karwińska,,,0,1,1,1,0,0,0,0,
290,Karłowicza,51.1171125414428,17.086195917380074,0,0,0,0,0,0,0,0,
291,Kasprowicza,51.13793170102513,17.053687278383467,0,0,0,0,0,0,0,0,
292,Katedra,51.11387011620038,17.050503508469227,0,1,1,1,0,0,0,0,
293,Kiełczowska,51.14562852466403,17.136421437701294,0,1,1,1,0,0,0,1,
294,Kiełczowska (Cmentarz),,,1,1,1,1,0,0,0,0,
295,Kiełczów - Akacjowa,,,0,1,1,0,0,1,0,0,
296,Kiełczów - Biedronka,,,0,0,0,1,1,1,0,0,
297,Kiełczów - Boczna,,,0,0,0,1,1,1,0,0,
298,Kiełczów - Mleczna,,,0,0,0,1,0,0,0,0,
299,Kiełczów - Rzeczna,,,1,1,0,1,0,0,0,0,
300,Kiełczów - Sosnowa,,,0,1,0,0,0,0,0,0,
301,Kiełczów - Wodrol,,,0,0,1,1,0,0,0,0,
302,Kiełczów - Wrocławska,,,0,1,1,1,0,0,0,1,
303,Kiełczów - Zgodna,,,0,1,1,1,1,0,0,0,
304,Kiełczów - Cmentarz,,,0,0,0,0,0,0,0,0,
305,Kiełczów - Osiedle,,,0,0,0,0,0,0,0,1,
306,Kiełczów - Pętla (Plac Jana Gdaka),51.1395712334801,17.179011937155103,0,0,0,0,0,0,0,0,
307,Kiełczów - Pętla/Wrocławska,51.13942655458532,17.180034397026994,0,0,1,1,1,1,0,0,
308,Kiełczów - Ładna,,,1,0,1,1,1,1,0,0,
309,Kiełczówek,,,0,0,0,0,0,0,0,0,
310,Kiełczówek - Sielska Zagroda,,,0,1,0,0,0,0,0,0,
311,Kiełczówek - Pętla,,,0,1,0,0,0,0,0,0,
312,Kiełczówek - Skrzy. Imbirowa,,,0,1,0,0,0,0,0,0,
313,Klasztorna,,,1,1,1,1,1,1,0,0,
314,Kleczkowska,,,0,1,1,1,1,0,0,0,
315,Klimasa,51.08010766314827,17.062597838571428,0,1,1,1,1,0,1,0,
316,Kliniki - Politechnika Wrocławska,51.10949913417336,17.065624876082154,0,1,1,1,1,0,0,0,
317,Klęka,,,0,1,1,0,0,0,0,0,
318,Kmieca,,,0,1,1,0,0,0,0,0,
319,Kochanowskiego,,,0,1,1,1,1,0,0,0,
320,Kolbuszowska (Stadion),,,1,1,1,1,1,1,0,1,
321,Kolejowa,,,0,1,0,0,0,0,0,0,
322,Kolista,51.13296740780925,16.972784262779598,0,1,0,0,0,0,0,0,
323,Kolumba,,,0,1,0,0,1,1,0,0,
324,Komandorska,51.09222209106024,17.024009641375606,0,1,0,0,1,1,0,0,
325,Kominiarska,,,0,0,0,0,0,0,0,0,
326,Kominiarska (Plac Sportowy),,,1,0,0,1,0,1,0,0,
327,Komorowice,,,0,0,0,0,0,0,0,0,
328,Komuny Paryskiej,51.10194956465197,17.04636195972426,0,0,1,1,1,1,0,0,
329,Komuny Paryskiej (Szkoła),,,1,0,1,1,1,1,0,0,
330,Konduktorska,,,0,0,1,1,1,1,0,0,
331,Konopackiej,,,0,0,0,0,0,0,0,0,
332,Kopańskiego,,,0,1,0,1,0,0,0,0,
333,Kosmonautów (Szpital),51.14186071042686,16.905444430373958,1,1,0,1,0,0,0,0,
334,Koszarowa,,,1,1,0,1,0,1,0,0,
335,Kowale (Stacja Kolejowa),,,1,1,0,1,0,1,0,0,
336,Kowalska,,,1,1,1,0,0,1,0,0,
337,Kowalska 56,,,1,1,1,0,0,1,0,0,
338,Kowieńska,,,0,1,0,1,1,0,0,0,
339,Kozanowska,,,0,1,0,0,0,0,0,0,
340,Kozia,,,0,1,0,0,0,0,0,0,
341,Kołobrzeska,,,0,1,0,0,1,1,0,0,
342,Końcowa,,,0,1,1,0,0,0,0,1,
343,Kościelna,,,0,1,1,0,0,0,0,0,
344,Kościuszki,51.10014731114,17.045339713410495,0,1,0,0,1,1,0,0,
345,Kośnego (Jarnołtowska),,,0,1,0,0,1,1,0,0,
346,Kośnego (Jerzmanowska),,,0,1,0,0,0,0,0,0,
347,Krajobrazowa,,,0,1,0,0,0,0,0,0,
348,Krakowiany - Skrzy.,,,0,1,0,1,1,0,0,0,
349,Krakowska,,,0,1,0,1,1,0,0,0,
350,Krasińskiego,51.103443866848735,17.042268050675087,0,0,0,0,0,0,0,1,
351,Kromera (Czajkowskiego),,,0,1,0,0,0,0,0,0,
352,Krucza,,,0,1,0,0,0,0,0,0,
353,Krucza (Mielecka),,,0,1,0,0,0,0,0,0,
354,Krynicka,,,0,1,0,0,0,0,0,0,
355,Krzemieniecka,,,1,1,0,1,1,1,1,0,
356,Krzeptowska,,,1,1,0,1,1,1,0,0,
357,Krzeptów - Boisko,,,1,1,0,0,1,1,0,0,
358,Krzeptów - Dolina Krzeptowa,,,1,1,0,0,0,0,0,1,
359,Krzeptów - Pętla,51.09014060590896,16.880574238514203,0,0,1,0,0,0,0,0,
360,Krzeptów - Skrzy.,,,0,0,0,1,1,0,0,0,
361,Królewiecka,51.14572647815362,16.945251211760596,0,0,0,0,0,0,0,0,
362,Królewiecka (Park),,,0,1,1,0,1,1,0,0,
363,Królewiecka (Staw),,,0,1,1,0,1,1,0,0,
364,Królewska,,,0,1,1,1,1,1,0,0,
365,Krępice,,,0,1,1,1,1,1,0,0,
366,Krępice - Wrocławska,,,0,1,1,0,1,1,0,0,
367,Krępicka,,,0,0,0,1,1,0,0,0,
368,Krępicka - Szkoła,,,0,0,0,1,1,0,0,0,
369,Księginice PR,,,0,0,1,1,0,0,0,0,
370,Księginice Ul. Sportowa,,,0,0,0,0,0,0,0,0,
371,Księska,,,0,0,0,0,0,0,0,0,
372,Kurlandzka,,,0,0,1,1,1,1,0,0,
373,Kurpiów,,,0,0,1,1,1,1,0,0,
374,Kutrzeby,,,0,0,0,0,0,0,0,0,
375,Kwiatkowskiego,,,0,1,1,0,0,0,0,0,
376,Kwidzyńska,,,0,0,0,1,1,1,0,0,
377,Kwiska,,,0,0,0,0,0,0,0,0,
378,Kątna,,,0,0,0,0,0,0,0,0,
379,Kątowa,,,0,0,0,0,0,0,0,0,
380,Kębłowice,,,0,0,1,1,1,0,0,0,
381,Kępa Mieszczańska,51.1167858191892,17.024606828739973,0,0,1,1,1,0,0,0,
382,Kępińska,,,0,1,1,1,1,0,0,0,
383,Kętrzyńska,,,0,1,1,1,1,0,0,0,
384,Kłokoczyce,,,0,0,1,1,1,0,0,0,
385,Leśnica,,,0,0,0,0,0,0,0,0,
386,Litewska,,,0,0,0,0,0,0,0,0,
387,Litomska (Zus),,,0,1,1,1,0,0,0,0,
388,Las Mokrzański,,,0,0,0,0,0,0,0,0,
389,Las Osobowicki,,,0,0,0,1,1,1,0,0,
390,Las Ratyński,,,0,0,0,1,1,1,0,0,
391,Lawendowa,,,0,0,0,0,0,0,0,0,
392,Lekarska,,,1,1,1,1,1,1,0,0,
393,Leśnica - Hermes,,,1,1,1,1,1,1,0,0,
394,Libelta,,,0,0,0,0,0,0,0,0,
395,Lipa Piotrowska,51.17334031466762,16.994674494893893,0,0,0,0,0,0,0,0,
396,Lipska,,,0,0,0,0,0,0,0,0,
397,Lubelska,,,0,0,0,0,0,0,0,0,
398,Lubiatów,,,0,1,1,1,1,0,0,0,
399,Lutosławskiego,,,0,0,0,0,0,0,0,0,
400,Lutynia - Kolonia,,,0,0,0,1,1,1,0,0,
401,Lutynia - Straż,,,0,0,1,1,0,0,0,0,
402,Lutynia Centrum,,,0,1,1,1,0,0,0,0,
403,Lutynia I,,,0,1,1,1,0,0,0,0,
404,Lutynia Osiedle Ul. Wschodnia,,,0,1,1,1,0,0,0,0,
405,Lutynia Rondo,,,0,1,0,0,0,0,0,1,
406,Metalowców (Ośrodek Sportu),51.12973578662809,16.954963188328467,0,1,1,1,1,1,0,1,
407,Mińska (Rondo Rotm. Pileckiego),,,0,1,1,1,1,1,0,0,
408,Mokry Dwór,,,0,1,0,0,0,0,0,0,
409,Muchobór Mały (Stacja Kolejowa),51.11265047292736,16.970615488144727,0,1,0,0,0,0,0,0,
410,Mulicka,,,0,1,0,0,0,0,0,0,
411,Magellana,,,0,1,0,0,0,0,0,0,
412,Malinowa,,,0,1,0,1,1,0,0,0,
413,Malinowskiego,,,0,1,0,0,1,1,0,0,
414,Malwowa,,,0,1,0,0,0,0,0,0,
415,Marcepanowa,51.06208587691128,16.976158086228782,0,1,1,1,0,0,1,1,
416,Marchewkowa,,,0,1,1,1,0,0,0,0,
417,Marszowice,,,0,0,1,1,0,0,1,1,
418,Marszowicka,,,0,0,0,0,0,0,0,0,
419,Małkowice - Główna,,,0,0,0,0,0,0,0,0,
420,Małomicka,,,0,1,0,0,0,0,0,0,
421,Małopanewska,,,0,1,0,0,0,0,0,0,
422,Małopolska (Ośrodek Dla Niewidomych),,,1,1,0,1,1,1,1,0,
423,Maślice Małe (Brodnicka),,,0,1,1,1,1,1,0,0,
424,Maślicka (Osiedle),51.14759020226013,16.947711992295275,0,1,1,1,1,1,0,0,
425,Maślicka (Staw),,,0,1,1,1,1,1,0,1,
426,Metalowców,,,0,1,1,0,1,1,0,0,
427,Michalczyka,,,0,1,1,1,1,0,0,0,
428,Mickiewicza,51.10846583480433,17.072106782574494,0,0,0,1,1,0,0,0,
429,Mielecka,,,0,1,0,1,0,0,0,0,
430,Mikołowska,,,0,1,0,1,0,0,0,0,
431,Milenijna (Hala Orbita),51.132296096236104,16.989623317577895,0,1,0,1,1,1,1,0,
432,Milicka,,,0,1,1,1,0,0,0,0,
433,Miodowa,,,1,1,0,0,0,0,0,0,
434,Mirków - Jagiellońska,,,0,1,0,0,0,0,0,0,
435,Mirków - Kiełczowska (Na Wys. Nr 14),,,0,1,0,0,0,0,0,0,
436,Mirków - Sportowa,,,0,1,0,1,1,1,0,0,
437,Mirków - Skrzy. Polna,,,0,1,0,1,1,1,0,1,
438,Międzyrzecka,,,1,1,0,1,1,1,0,0,
439,Miękinia - Urząd Gminy,,,0,1,1,1,1,1,0,0,
440,Miękinia - Pętla,,,0,1,1,0,0,1,0,0,
441,Miękinia - Stacja Pkp,,,0,1,1,0,0,1,0,0,
442,Miękinia Cegielnia,,,0,0,0,0,0,0,0,0,
443,Miłoszycka,,,0,0,0,0,0,0,0,0,
444,Mochnackiego,,,1,1,1,1,1,0,0,0,
445,Modlińska,,,1,1,1,1,1,0,0,0,
446,Modra,,,1,1,1,1,1,0,0,1,
447,Mokra,,,0,0,0,0,0,0,0,0,
448,Mokronos Dolny - Parkowa/Stawowa,,,0,0,0,0,0,1,0,0,
449,Mokronos Dolny - Stawowa/Szczęśliwa,51.07129088645852,16.933217673506874,0,1,1,1,0,1,0,0,
450,Mokronos Górny - Wrocławska/Gwarna,,,0,1,1,1,0,1,0,0,
451,Mokry Dwór - Starodworska,,,0,1,1,1,0,0,0,0,
452,Mokrzańska,,,0,1,1,1,0,0,0,0,
453,Moniuszki,,,0,1,1,1,0,0,0,0,
454,Monopolowa,,,0,1,0,1,1,1,0,0,
455,Monte Cassino,,,0,1,0,1,1,1,0,0,
456,Morelowskiego,,,0,0,0,1,0,1,0,0,
457,Morwowa,,,0,0,1,1,0,0,0,0,
458,Mosty Pomorskie,,,0,0,1,1,1,0,0,0,
459,Mosty Warszawskie,51.12855975338448,17.055253000537665,1,1,1,0,0,1,0,0,
460,Mrozów - Wyzwolenia,,,1,1,1,0,0,1,0,0,
461,Mrozów - Świetlica,,,1,1,1,1,1,1,0,0,
462,Mroźna,,,0,1,0,1,0,1,0,0,
463,Muchobór Wielki,,,0,1,0,1,0,1,0,0,
464,Muchobór Wielki (Roślinna),,,0,1,0,1,1,1,0,0,
465,Młodych Techników,,,0,1,0,1,1,1,0,0,
466,Most Grunwaldzki,,,0,0,0,0,0,0,0,0,
467,Most Milenijny,,,0,0,0,0,0,0,0,0,
468,Most Osobowicki,,,0,1,0,0,0,1,0,0,
469,Na Grobli (Hydropolis),51.10468815529851,17.055508451861872,0,1,1,1,1,1,0,0,
470,Na Niskich Łąkach,51.09711899637683,17.0558074229239,0,1,1,1,1,1,0,0,
471,Na Ostatnim Groszu,51.12296172133449,16.975673525639053,1,1,0,0,0,0,0,0,
472,Na Szańcach,51.11907694103762,17.041994514950723,1,1,0,0,0,0,0,0,
473,Narodowe Forum Muzyki,51.10791524511627,17.02645107595523,0,0,0,0,1,1,0,0,
474,Niedziałkowskiego,,,0,0,0,0,1,1,1,0,
475,Niedźwiedzia,,,0,0,0,0,0,0,0,0,
476,Nowodworska,,,0,1,0,0,0,0,0,0,
477,Nowowiejska,,,0,1,1,1,1,1,0,0,
478,Nowy Dom,,,0,1,1,1,1,1,0,0,
479,Nyska,,,0,1,1,1,0,0,0,0,
480,Opatowice,,,0,1,0,0,0,0,0,0,
481,Oporów,51.084202287626624,16.971952098279854,0,1,0,0,0,0,0,1,
482,Osiedle Sobieskiego,,,0,1,0,0,1,1,0,0,
483,Osobowice,51.13771750449842,16.994030068915706,0,1,1,0,1,1,0,0,
484,Osobowicka (Cmentarz II),,,0,1,1,0,1,0,1,0,
485,Osobowicka (Cmentarz),,,0,0,0,0,0,0,0,0,
486,Obornicka (Obwodnica),,,0,0,0,0,0,0,0,0,
487,Obornicka (Wołowska),,,0,0,0,0,0,0,0,0,
488,Oboźna,,,0,0,0,1,1,0,0,0,
489,Odolanowska,,,,,,,,,,,
490,Odrodzenia Polski,,,,,,,,,,,
491,Ogród Botaniczny,,,,,,,,,,,
492,Ojca Beyzyma,51.090383945607755,16.992920642278534,,,,,,,,,
493,Okrzei,,,,,,,,,,,
494,Okólna,,,,,,,,,,,
495,Olbrachtowska,,,,,,,,,,,
496,Oleśniczka,,,,,,,,,,,
497,Oleśniczka - Skrzy.,,,,,,,,,,,
498,Olsztyńska,,,,,,,,,,,
499,Opatowicka Nr 127,,,,,,,,,,,
500,Opatowicka Nr 59,,,,,,,,,,,
501,Opatowicka Nr 85,,,,,,,,,,,
502,Opera,51.10559463309056,17.031985375703965,,,,,,,,,
503,Orla,,,,,,,,,,,
504,Orlińskiego,,,,,,,,,,,
505,Orzechowa,51.08316262649301,17.04077621896258,,,,,,,,,
506,Os. Przyjaźni,51.069432473503504,16.9970468407633,,,,,,,,,
507,Osiniecka,,,,,,,,,,,
508,Ossolineum (Uniwersytecka),,,,,,,,,,,
509,Ostowa (Muzeum Militarne),,,,,,,,,,,
510,Ostrowskiego,,,,,,,,,,,
511,Otyńska,,,,,,,,,,,
512,Owczarska,,,,,,,,,,,
513,Oławska,,,,,,,,,,,
514,Ołtaszyn,51.05703192549134,17.022484748130864,,,,,,,,,
515,Ożynowa,,,,,,,,,,,
516,Park Południowy,,,,,,,,,,,
517,Pawłowice (Widawska),,,,,,,,,,,
518,Petrusewicza,,,,,,,,,,,
519,Pilczyce,,,,,,,,,,,
520,Pl. Grunwaldzki,51.111517027190736,17.060180979663354,,,,,,,,,
521,Pl. Jana Pawła II,51.11180506996273,17.02128442141548,,,,,,,,,
522,Pl. Solidarności,51.11350350142072,17.017815665965703,,,,,,,,,
523,Pl. Staszica,51.12249449968118,17.03080553152348,,,,,,,,,
524,Polanowice,,,,,,,,,,,
525,Port Lotniczy,,,,,,,,,,,
526,Poświęcka (Ośrodek Zdrowia),,,,,,,,,,,
527,Poświętne,51.15020735526608,17.028719861391377,,,,,,,,,
528,Pracze Odrzańskie,51.17451143867945,16.906627556937504,,,,,,,,,
529,Pracze Odrzańskie (Stacja Kolejowa),,,,,,,,,,,
530,Pracze Widawskie,51.1776795066201,17.01559518171139,,,,,,,,,
531,Psie Pole (Stacja Kolejowa),51.15013675701918,17.11980945543448,,,,,,,,,
532,Palacha,,,,,,,,,,,
533,Paprotna,,,,,,,,,,,
534,Parafialna,,,,,,,,,,,
535,Park Biznesu,,,,,,,,,,,
536,Park Brochowski,,,,,,,,,,,
537,Park Popowicki,51.12623664694436,16.997552733182832,,,,,,,,,
538,Park Stabłowicki,51.15991585689947,16.893686956536804,,,,,,,,,
539,Park Staromiejski,51.10505348694456,17.037026591810104,,,,,,,,,
540,Park Szczytnicki,,,,,,,,,,,
541,Park Tysiąclecia,,,,,,,,,,,
542,Park Wschodni,,,,,,,,,,,
543,Park Zachodni,,,,,,,,,,,
544,Partynice (Tor Wyścigów Konnych),,,,,,,,,,,
545,Partyzantów,,,,,,,,,,,
546,Pasikurowice - Energetyczna,,,,,,,,,,,
547,Pasikurowice - Cmentarz,,,,,,,,,,,
548,Pasikurowice - N/Ż,,,,,,,,,,,
549,Pasikurowice - Skrzy. Malinowa,,,,,,,,,,,
550,Paulińska,,,,,,,,,,,
551,Pawłowice,,,,,,,,,,,
552,Pawłowicka,,,,,,,,,,,
553,Pereca,,,,,,,,,,,
554,Perzowa,,,,,,,,,,,
555,Pełczyńska (Stacja Kolejowa),,,,,,,,,,,
556,Piastowska,,,,,,,,,,,
557,Piecowice,,,,,,,,,,,
558,Pietrzykowice,,,,,,,,,,,
559,Pietrzykowice - Sportowa/Główna,,,,,,,,,,,
560,Pietrzykowice - Sportowa/Pętla,,,,,,,,,,,
561,Pietrzykowice - Wrocławska/Stawowa,,,,,,,,,,,
562,Pilczycka (Anima),,,,,,,,,,,
563,Piołunowa,,,,,,,,,,,
564,Piramowicza (Kampus Biskupin),,,,,,,,,,,
565,Pisarzowice - Graniczna,,,,,,,,,,,
566,Pisarzowice - Kolejowa,,,,,,,,,,,
567,Pisarzowice - Odrzańska,,,,,,,,,,,
568,Pisarzowice - Szkolna,,,,,,,,,,,
569,Piwnika-Ponurego,,,,,,,,,,,
570,Piłsudskiego,,,,,,,,,,,
571,Pl. Hirszfelda,51.09432347670563,17.01703267874251,,,,,,,,,
572,Poczta Główna,,,,,,,,,,,
573,Pola,,,,,,,,,,,
574,Poleska,,,,,,,,,,,
575,Polkowicka,,,,,,,,,,,
576,Pomorska,,,,,,,,,,,
577,Poprzeczna,,,,,,,,,,,
578,Port Popowice,,,,,,,,,,,
579,Połabian,,,,,,,,,,,
580,Poświęcka,,,,,,,,,,,
581,Prudnicka,,,,,,,,,,,
582,Prusa,51.119829577762985,17.056552523078057,,,,,,,,,
583,Pruszowice,,,,,,,,,,,
584,Pruszowice - Las,,,,,,,,,,,
585,Przebiśniegowa,,,,,,,,,,,
586,Przedwiośnie (Stacja Kolejowa),,,,,,,,,,,
587,Przybyszewskiego,,,,,,,,,,,
588,Przybyły,,,,,,,,,,,
589,Przyjaźni,,,,,,,,,,,
590,Przystankowa,,,,,,,,,,,
591,Psary - Szkoła,51.186667157671906,17.03178734475163,,,,,,,,,
592,Psary - Wolności,,,,,,,,,,,
593,Psie Pole,51.14572665756581,17.11128446376349,,,,,,,,,
594,Psie Pole (Gorlicka),,,,,,,,,,,
595,Psie Pole (Rondo Lotników Polskich),,,,,,,,,,,
596,Pustecka,,,,,,,,,,,
597,Pułaskiego,51.09824755336539,17.04298549994107,,,,,,,,,
598,Pułtuska,,,,,,,,,,,
599,Północna,,,,,,,,,,,
600,Płaska,,,,,,,,,,,
601,Pl. Bema,51.117112564381934,17.042098986701703,,,,,,,,,
602,Pl. Daniłowskiego,,,,,,,,,,,
603,Pl. Legionów,51.10457562944826,17.022080430396326,,,,,,,,,
604,Pl. Nowy Targ,51.11039457139414,17.03906804744376,,,,,,,,,
605,Pl. Orląt Lwowskich,51.10789956232348,17.02155001993996,,,,,,,,,
606,Pl. Srebrny,,,,,,,,,,,
607,Pl. Strzegomski (Muzeum Współczesne),,,,,,,,,,,
608,Pl. Strzelecki,,,,,,,,,,,
609,Pl. Wróblewskiego,51.10549831294692,17.047623033676672,,,,,,,,,
610,Pl. Zgody (Muzeum Etnograficzne),,,,,,,,,,,
611,Racławicka,51.07738133758759,16.98423984686341,,,,,,,,,
612,Ratyń,,,,,,,,,,,
613,Rod Bajki,,,,,,,,,,,
614,Rod Bielany,,,,,,,,,,,
615,Rod Mieczyk,,,,,,,,,,,
616,Rod Oświata,,,,,,,,,,,
617,Rod Pod Dębem,,,,,,,,,,,
618,Rod Storczyk,,,,,,,,,,,
619,Rod Zgoda,,,,,,,,,,,
620,Rod Źródło Zdrowia,,,,,,,,,,,
621,Rubczaka (Stacja Kolejowa),,,,,,,,,,,
622,Racławicka (Szkoła),,,,,,,,,,,
623,Radakowice - Świetlica,,,,,,,,,,,
624,Radio I Telewizja,,,,,,,,,,,
625,Rakowiecka,,,,,,,,,,,
626,Raków - Osiedle,,,,,,,,,,,
627,Raków - Skrzy.,,,,,,,,,,,
628,Raków I,,,,,,,,,,,
629,Raków II,,,,,,,,,,,
630,Raków III,,,,,,,,,,,
631,Raków IV,,,,,,,,,,,
632,Ramiszów,,,,,,,,,,,
633,Ramiszów Stacja,,,,,,,,,,,
634,Ratyń - Skrzyżowanie,,,,,,,,,,,
635,Rdestowa,,,,,,,,,,,
636,Redycka,,,,,,,,,,,
637,Reja,,,,,,,,,,,
638,Renoma,,,,,,,,,,,
639,Rogowska (Ośrodek Sportu),,,,,,,,,,,
640,Rogowska (P+R),51.11041205501294,16.955834134966512,,,,,,,,,
641,Rogowska (Ogrody Działkowe),,,,,,,,,,,
642,Rondo,51.09090331353238,17.017282576852956,,,,,,,,,
643,Rondo Obrońców Grodna,,,,,,,,,,,
644,Rubczaka,,,,,,,,,,,
645,Rymarska,,,,,,,,,,,
646,Rynek,,,,,,,,,,,
647,Rzemieślnicza,,,,,,,,,,,
648,Rzeplin - Pętla,,,,,,,,,,,
649,Różanka,,,,,,,,,,,
650,Rędzin,51.166152046195464,16.966729315557007,,,,,,,,,
651,Rędzińska,51.157394336626375,16.948874939787437,,,,,,,,,
652,Rędzińska (Cmentarz),,,,,,,,,,,
653,Rękodzielnicza,,,,,,,,,,,
654,Rondo Św. Ojca Pio,,,,,,,,,,,
655,Sołtysowice,51.15517403939835,17.06443321898258,,,,,,,,,
656,Spiska (Ośrodek Sportu),,,,,,,,,,,
657,Stabłowicka (Ośrodek Zdrowia),,,,,,,,,,,
658,Szymanów-Pętla,51.19699717554701,17.008996720109298,,,,,,,,,
659,Samotworska,,,,,,,,,,,
660,Samotwór - Dębowa,,,,,,,,,,,
661,Samotwór - Leśna,,,,,,,,,,,
662,Sanocka,,,,,,,,,,,
663,Semaforowa,,,,,,,,,,,
664,Serbska (C.K. Agora),,,,,,,,,,,
665,Serowarska,,,,,,,,,,,
666,Siedlec - Skrzy. Osiedlowa,,,,,,,,,,,
667,Siedlec - Stacja,,,,,,,,,,,
668,Skarbowców,,,,,,,,,,,
669,Skarżyńskiego,,,,,,,,,,,
670,Skała - Wieś,,,,,,,,,,,
671,Skałka,,,,,,,,,,,
672,Skałka - Skrzy. Małkowice,,,,,,,,,,,
673,Skierniewicka,,,,,,,,,,,
674,Smocza,,,,,,,,,,,
675,Smolec - Chłopska/Cisowa,,,,,,,,,,,
676,Smolec - Chłopska/Główna,,,,,,,,,,,
677,Smolec - Chłopska/Wrzosowa,,,,,,,,,,,
678,Smolec - Chłopska/Śliwkowa,,,,,,,,,,,
679,Smolec - Dębowa (Sklep),51.07693323559705,16.881546349691803,,,,,,,,,
680,Smolec - Główna (Na Wys. Nr 83),,,,,,,,,,,
681,Smolec - Lipowa/Pętla,,,,,,,,,,,
682,Smolec - Wiśniowa,,,,,,,,,,,
683,Smolec - Wrocławska,,,,,,,,,,,
684,Smolecka,,,,,,,,,,,
685,Solskiego,,,,,,,,,,,
686,Sosnowiecka,,,,,,,,,,,
687,Sowia,,,,,,,,,,,
688,Sołtysowicka,,,,,,,,,,,
689,Spółdzielcza,,,,,,,,,,,
690,Stabłowice,,,,,,,,,,,
691,Stabłowicka,,,,,,,,,,,
692,Stadion Olimpijski,51.11692678010053,17.089962823203383,,,,,,,,,
693,Stalowa,,,,,,,,,,,
694,Stanisławowska (W.k. Formaty),,,,,,,,,,,
695,Stanki,,,,,,,,,,,
696,Starodworska,,,,,,,,,,,
697,Starodębowa,,,,,,,,,,,
698,Starościńska,,,,,,,,,,,
699,Stoszowska,,,,,,,,,,,
700,Strachowice General Aviation,,,,,,,,,,,
701,Strachowicka,51.12360835581646,16.917952216663636,,,,,,,,,
702,Strachowskiego,,,,,,,,,,,
703,Strumykowa,,,,,,,,,,,
704,Strzegomska (Muzeum Współczesne),,,,,,,,,,,
705,Strzegomska (Krzyżówka),,,,,,,,,,,
706,Strzegomska 148,,,,,,,,,,,
707,Stępin,51.20863776551389,17.28077988500212,,,,,,,,,
708,Stępin - Kościół,,,,,,,,,,,
709,Sucha,,,,,,,,,,,
710,Suchy Dwór - Skrzy. (Wrocławska/Główna),,,,,,,,,,,
711,Suchy Dwór - Skrzy. Mędłów,,,,,,,,,,,
712,Sudecka,,,,,,,,,,,
713,Suwalska,,,,,,,,,,,
714,Swojczyce,,,,,,,,,,,
715,Syrokomli,,,,,,,,,,,
716,Szczecińska,,,,,,,,,,,
717,Szczepin,,,,,,,,,,,
718,Szczodre - Szkoła,,,,,,,,,,,
719,Szczodre - Trzebnicka,,,,,,,,,,,
720,Szczodre - Trzebnicka (Na Wys. Nr 3A),,,,,,,,,,,
721,Szczodre - Pętla,51.19450054579013,17.182808878209627,,,,,,,,,
722,Szczodre - Stawy,,,,,,,,,,,
723,Szewczenki,,,,,,,,,,,
724,Szkocka,,,,,,,,,,,
725,Szkolna,,,,,,,,,,,
726,Sztabowa,,,,,,,,,,,
727,Szukalice,,,,,,,,,,,
728,Szybowcowa,,,,,,,,,,,
729,Szymanów,,,,,,,,,,,
730,Szymanów - Letnia,51.19515974461297,17.014789786824,,,,,,,,,
731,Szymanów - Widawska,,,,,,,,,,,
732,Szymanów - Skrzyż.,,,,,,,,,,,
733,Sąsiedzka,,,,,,,,,,,
734,Sępolno,51.11391087105509,17.10384448137332,,,,,,,,,
735,Słoneczna,,,,,,,,,,,
736,Słonimskiego,,,,,,,,,,,
737,Słowiańska,,,,,,,,,,,
738,Skwer Krasińskiego,,,,,,,,,,,
739,Tarczyński Arena (Królewiecka),,,,,,,,,,,
740,Tarnogaj,51.07818893886245,17.06431201270795,,,,,,,,,
741,Trestno (Pętla),,,,,,,,,,,
742,Tyniecka (Pętla),,,,,,,,,,,
743,Tarczyński Arena (Lotnicza),51.137258452112206,16.940790845709763,,,,,,,,,
744,Tarnogajska,,,,,,,,,,,
745,Tczewska,,,,,,,,,,,
746,Tokary - Centrum,,,,,,,,,,,
747,Tokary - Osiedle,,,,,,,,,,,
748,Topolowa,,,,,,,,,,,
749,Tramwajowa,,,,,,,,,,,
750,Trawowa,,,,,,,,,,,
751,Trestno - Kościół,,,,,,,,,,,
752,Trestno - Świetlica,,,,,,,,,,,
753,Trzebnicka,,,,,,,,,,,
754,Trzmielowicka,,,,,,,,,,,
755,Tunelowa,,,,,,,,,,,
756,Turoszowska,,,,,,,,,,,
757,Tymiankowa,,,,,,,,,,,
758,Tyrmanda,,,,,,,,,,,
759,Tęczowa,,,,,,,,,,,
760,Uniwersytet Dolnośląski Dsw,,,,,,,,,,,
761,Uniwersytet Ekonomiczny,51.089583237501394,17.02858971284679,,,,,,,,,
762,Uniwersytet Wrocławski,,,,,,,,,,,
763,Urząd Wojewódzki (Impart),,,,,,,,,,,
764,Urząd Wojewódzki (Muzeum Narodowe),,,,,,,,,,,
765,Vivaldiego,,,,,,,,,,,
766,Wałbrzyska,,,,,,,,,,,
767,Wojnów (Pętla),51.09590525651294,17.16597507817714,,,,,,,,,
768,Wallenroda,,,,,,,,,,,
769,Waniliowa,,,,,,,,,,,
770,Wapienna,,,,,,,,,,,
771,Warmińska,,,,,,,,,,,
772,Wawrzyniaka,,,,,,,,,,,
773,Weigla (Szpital),,,,,,,,,,,
774,Wejherowska (Hala Orbita),,,,,,,,,,,
775,Wełniana,,,,,,,,,,,
776,Wiaduktowa,,,,,,,,,,,
777,Widawa,,,,,,,,,,,
778,Widna,,,,,,,,,,,
779,Wiejska,,,,,,,,,,,
780,Wielka,51.09393060478208,17.02085699282174,,,,,,,,,
781,Wielkopolska,,,,,,,,,,,
782,Wilczyce,,,,,,,,,,,
783,Wilczyce - Borowa,,,,,,,,,,,
784,Wilczyce - Dworska,,,,,,,,,,,
785,Wilczyce - Dębowa,,,,,,,,,,,
786,Wilczyce - Sosnowa,,,,,,,,,,,
787,Wilczyce - Wilczycka (Clarena),,,,,,,,,,,
788,Wilczyce - Wilczycka (Stary Młyn),,,,,,,,,,,
789,Wilczyce - Wrocławska (Na Wys. Nr 1F),,,,,,,,,,,
790,Wilczyce - Szkoła,,,,,,,,,,,
791,Wilkszyn (Pętla),51.19180144999823,16.862616599479313,,,,,,,,,
792,Wilkszyn - Miłoszyn,,,,,,,,,,,
793,Wilkszyn - Polna,,,,,,,,,,,
794,Wilkszyńska,,,,,,,,,,,
795,Wita Stwosza,,,,,,,,,,,
796,Witelona,,,,,,,,,,,
797,Witkowska,,,,,,,,,,,
798,Wiślańska,,,,,,,,,,,
799,Wiśniowa,,,,,,,,,,,
800,Wojanowska,,,,,,,,,,,
801,Wojnów,,,,,,,,,,,
802,Wojszyce,,,,,,,,,,,
803,Wojszycka,,,,,,,,,,,
804,Wolska,,,,,,,,,,,
805,Wołowska,,,,,,,,,,,
806,Wrocław Mikołajów (Zachodnia),,,,,,,,,,,
807,Wrocław Nowy Dwór (P+R),51.1199170288358,16.9524744209089,,,,,,,,,
808,Wrocław Popowice (17.Południk),,,,,,,,,,,
809,Wrocław Szczepin,,,,,,,,,,,
810,Wrocławski Park Przemysłowy,,,,,,,,,,,
811,Wrocławski Park Technologiczny,51.10556282783089,16.970760412109904,,,,,,,,,
812,Wróblowice,,,,,,,,,,,
813,Wróblowice Innowacyjna,,,,,,,,,,,
814,Wschowska,,,,,,,,,,,
815,Wysoka,,,,,,,,,,,
816,Wysoka - Chabrowa,,,,,,,,,,,
817,Wysoka - Lipowa,,,,,,,,,,,
818,Wysoka - Lipowa/Jeżynowa,,,,,,,,,,,
819,Wysoka - Lipowa/Parkowa,,,,,,,,,,,
820,Wysoka - Radosna,,,,,,,,,,,
821,Wysoka - Osiedle,,,,,,,,,,,
822,Wyszyńskiego,,,,,,,,,,,
823,Wyścigowa,,,,,,,,,,,
824,Wzgórze Partyzantów,,,,,,,,,,,
825,Węgrów (Na Wys. Nr 27),,,,,,,,,,,
826,Węgrów (Na Wys. Nr 7),,,,,,,,,,,
827,Zakrzów,51.16200367420869,17.12470310513678,,,,,,,,,
828,Zoo,,,,,,,,,,,
829,Zwycięska,51.05929245261485,17.011292403922248,,,,,,,,,
830,Zabrodzie - Pętla,51.05685864069994,16.945730473573253,,,,,,,,,
831,Zabór Mały,,,,,,,,,,,
832,Zabór Wielki,,,,,,,,,,,
833,Zacisze,,,,,,,,,,,
834,Zagony,,,,,,,,,,,
835,Zagrodnicza,,,,,,,,,,,
836,Zagłoby,,,,,,,,,,,
837,Zagłębiowska,,,,,,,,,,,
838,Zajazdowa,,,,,,,,,,,
839,Zajączkowska,,,,,,,,,,,
840,Zakrzowska,,,,,,,,,,,
841,Zakładowa,,,,,,,,,,,
842,Zalewowa,,,,,,,,,,,
843,Zamkowa,,,,,,,,,,,
844,Zaolziańska,,,,,,,,,,,
845,Zaporoska,51.097177958558255,17.014573861349355,,,,,,,,,
846,Zaprężyn,,,,,,,,,,,
847,Zarembowicza,,,,,,,,,,,
848,Zbożowa,,,,,,,,,,,
849,Zemska,51.1157852614334,16.947166859648547,,,,,,,,,
850,Zgorzelisko,,,,,,,,,,,
851,Zielińskiego,,,,,,,,,,,
852,Zielna,,,,,,,,,,,
853,Ziemniaczana,,,,,,,,,,,
854,Zimowa,,,,,,,,,,,
855,Złotnicka,,,,,,,,,,,
856,Złotniki,51.13922760496478,16.892494937095062,,,,,,,,,
857,Złotostocka,,,,,,,,,,,
858,Ćwiczebna,,,,,,,,,,,
859,Łosice,,,,,,,,,,,
860,Łosice - Plac Zabaw,,,,,,,,,,,
861,Łososiowicka,,,,,,,,,,,
862,Łowęcice - Staw,,,,,,,,,,,
863,Łozina - Cmentarz,,,,,,,,,,,
864,Łozina - Kościół,,,,,,,,,,,
865,Łozina - Milicka/Poczta,,,,,,,,,,,
866,Łozina - Milicka/Szkoła,,,,,,,,,,,
867,Łozina - Nowego Osiedla I,,,,,,,,,,,
868,Łozina - Nowego Osiedla II,,,,,,,,,,,
869,Łozina - Wrocławska (Na Wys. Nr 18),,,,,,,,,,,
870,Łozina - Skrzy.,,,,,,,,,,,
871,Ługowa,,,,,,,,,,,
872,Łużycka,,,,,,,,,,,
873,Ślazowa,,,,,,,,,,,
874,Świdnicka (Dom Europy),,,,,,,,,,,
875,Świniary,51.19665224018954,16.97515183506888,,,,,,,,,
876,Śliczna,,,,,,,,,,,
877,Śliwice,,,,,,,,,,,
878,Śliwowa,,,,,,,,,,,
879,Ślusarska,,,,,,,,,,,
880,Ślęza - Dębowa,,,,,,,,,,,
881,Ślęza - Szyszkowa,,,,,,,,,,,
882,Ślęza - Autostrada,,,,,,,,,,,
883,Ślęza - Skrzyżowanie,,,,,,,,,,,
884,Śniadeckich,,,,,,,,,,,
885,Śnieżna,,,,,,,,,,,
886,Średzka,,,,,,,,,,,
887,Śrubowa,,,,,,,,,,,
888,Świdnicka,,,,,,,,,,,
889,Świeradowska,,,,,,,,,,,
890,Świstackiego,,,,,,,,,,,
891,Świt,,,,,,,,,,,
892,Świętokrzyska,,,,,,,,,,,
893,Źródła,,,,,,,,,,,
894,Żar,,,,,,,,,,,
895,Żelazna,,,,,,,,,,,
896,Żernicka,,,,,,,,,,,
897,Żerniki,,,,,,,,,,,
898,Żmigrodzka (Obwodnica),51.154205181053875,17.02841774328803,,,,,,,,,
899,Żmudzka,,,,,,,,,,,
900,Żurawiniec,,,,,,,,,,,
901,Żórawina - Niepodległości (Mostek),,,,,,,,,,,
902,Żórawina - Orange,,,,,,,,,,,
903,Żórawina - Wrocławska,,,,,,,,,,,
904,Żórawina - Osiedle,,,,,,,,,,,
905,Żórawina - Skrzy.,,,,,,,,,,,
906,Żórawina - Skrzy. Niepodległości,,,,,,,,,,,
907,8 Maja,51.11336855469333,17.090652628379562,,,,,,,,,
908,Biskupin,51.101156726871544,17.10878184625894,,,,,,,,,
909,Szewce - Topolowa/Kwiatowa,,,,,,,,,,,
910,Szewce - Wrocławska/Długa,,,,,,,,,,,
911,Szewce - Szkoła,,,,,,,,,,,
912,Szewce - Kościół,,,,,,,,,,,
913,Rzeplin - Al. Lipowa,,,,,,,,,,,
